attraction_id,name,city,category,rating,price_level,visitor_count_monthly,opening_hours,distance_from_center,accessibility_score,season_popularity,has_parking,wifi_available
1,景点_1,西安,历史文化,4.6,3,6055,8.58324125704314,3.9228598092553333,0.5413723254223188,0.5626876746169367,True,True
2,景点_2,深圳,艺术展览,3.9,1,6008,11.26790698190901,7.421502680853581,0.5361176679058592,0.6268063854298541,False,False
3,景点_3,苏州,历史文化,4.7,3,5897,9.633028599695258,13.462715349713092,0.5183383338756936,0.8210432536761996,False,True
4,景点_4,杭州,历史文化,4.5,2,5887,7.4827893279683515,5.305822034516368,0.38547806114700156,0.6377682835704256,False,True
5,景点_5,西安,艺术展览,4.4,2,5998,8.13512855555527,2.4725186359229907,0.3777960031324087,0.747260562560204,False,True
6,景点_6,武汉,美食体验,4.3,2,5968,6.503517214928577,6.1541089700348195,0.7536735241738863,0.5608476533633362,False,True
7,景点_7,广州,历史文化,3.6,2,6056,8.000775561576063,1.4544468072155914,0.9125826311906329,0.7940468188027234,True,True
8,景点_8,西安,艺术展览,4.4,2,6023,10.065245673021204,23.831563965005927,0.8533643571901715,0.6580388419216321,True,True
9,景点_9,苏州,休闲娱乐,4.5,2,5917,6.432666557576611,1.6221461477362538,0.39877531581494574,0.8134842172643583,True,False
10,景点_10,杭州,现代都市,2.7,1,6015,7.232408450868176,5.616531360514293,0.6819074852544464,0.9041974411520115,True,True
11,景点_11,深圳,现代都市,3.8,2,5987,8.288646248479868,7.038159841626156,0.37391408218364797,0.8058232096949962,True,False
12,景点_12,苏州,历史文化,4.4,1,6012,11.892297222095776,34.76134815200711,0.3317062505291542,0.6478737812975104,True,True
13,景点_13,苏州,美食体验,5.0,2,6052,10.709170937753282,2.4523843552259725,0.759470101569337,0.6278718507741502,False,False
14,景点_14,广州,美食体验,4.7,2,5953,10.400920478952624,1.9722039067472759,0.6746066335762452,0.663710479366724,True,True
15,景点_15,成都,休闲娱乐,4.9,2,6096,6.697145739152676,1.0699541357908309,0.3574165796480296,0.5823102566182524,False,True
16,景点_16,杭州,历史文化,3.5,2,5961,10.685975361689948,2.3527610963175603,0.3244574724841919,0.5905859254250101,False,True
17,景点_17,上海,现代都市,4.3,1,6072,10.71161286909609,2.8582108200701186,0.9928294893865341,0.895345550950084,True,True
18,景点_18,苏州,美食体验,4.4,2,6039,9.60661617374597,8.966588957190552,0.3210149325043503,0.6923662882537225,True,False
19,景点_19,成都,历史文化,2.0,2,6008,11.942170691990231,2.9846841614420416,0.6111697771351117,0.7179975902852929,True,True
20,景点_20,上海,美食体验,5.0,2,6083,7.951523435547312,1.165874337480597,0.6532333172253868,0.7970247327834056,False,True
21,景点_21,杭州,艺术展览,2.5,3,6077,11.64763468945111,15.018080151827098,0.38209610346031153,0.7948267475757738,False,True
22,景点_22,北京,美食体验,4.6,1,6054,11.488386689739022,4.640550657671975,0.4183432449078014,0.5336884357609628,False,True
23,景点_23,武汉,现代都市,4.4,2,6037,6.068883958496267,4.491890879802259,0.5462635044872467,0.9157703931688328,True,True
24,景点_24,成都,自然风光,1.7,2,6080,8.700699158848867,3.881781600236119,0.8331731133495637,0.5886632766119697,True,True
25,景点_25,南京,休闲娱乐,2.1,2,6000,11.86262539830944,30.631385046193603,0.6549576968421866,0.8615358180248345,True,True
26,景点_26,北京,休闲娱乐,4.6,1,5977,6.618728174448455,2.491749158879589,0.746531312187073,0.8863354940640833,False,False
27,景点_27,武汉,现代都市,4.9,1,6062,9.286708166299917,19.280953231636133,0.9896221885634722,0.8574497670456569,True,True
28,景点_28,广州,美食体验,3.6,3,5912,11.873745042246625,12.997615820228553,0.8376038047192467,0.7894888232770726,True,True
29,景点_29,西安,历史文化,2.8,2,5927,9.332972544635162,1.6365021972059088,0.6040530486988523,0.5073044985544415,True,True
30,景点_30,深圳,美食体验,4.3,2,5980,7.138891817832936,35.577453791006555,0.612509345257584,0.6801877461815853,True,True
31,景点_31,南京,现代都市,4.0,2,6002,9.493099380555538,3.532669444956589,0.7331404539287034,0.8024197146812906,True,True
32,景点_32,广州,休闲娱乐,4.4,2,5895,7.226643443697281,1.8302978271430381,0.765755645893233,0.6937256479612693,True,True
33,景点_33,杭州,美食体验,4.5,1,6042,9.118225577366905,15.14344831562202,0.6504976480856699,0.9317399474564065,True,True
34,景点_34,广州,休闲娱乐,5.0,2,5997,6.444253307474088,10.8118071126527,0.751402855970486,0.6544011376748077,True,True
35,景点_35,西安,历史文化,4.9,2,6021,9.632896015286427,8.682333982182932,0.31647274608986914,0.6467673962293302,False,False
36,景点_36,杭州,休闲娱乐,4.6,4,5963,9.10073963476895,2.3566408904057603,0.6007360047277909,0.632998846546329,False,True
37,景点_37,南京,休闲娱乐,3.5,1,5916,10.440968212568778,6.208308458503802,0.4952566532514337,0.6663904344803977,True,True
38,景点_38,西安,自然风光,3.6,2,5936,9.784202826952711,13.13326661460727,0.39042211167017726,0.7787024821570936,False,False
39,景点_39,上海,自然风光,4.3,2,6004,9.297637611184541,3.8949235664679045,0.36968255896614255,0.8535076471362955,True,False
40,景点_40,深圳,艺术展览,5.0,2,5905,10.138673095488727,3.988125695965233,0.7222345159302672,0.8312839588693925,True,True
41,景点_41,南京,自然风光,3.7,2,5943,6.863651481433385,1.0251667923725318,0.6665203830068283,0.9038589099907398,False,True
42,景点_42,上海,休闲娱乐,4.2,2,5860,9.572157967551625,2.5316417920149883,0.47750888189745844,0.9429569977487124,False,True
43,景点_43,武汉,现代都市,2.4,3,6058,7.0326636169366665,17.661534552703625,0.62966504114076,0.9080395211716756,False,False
44,景点_44,南京,休闲娱乐,5.0,3,5958,11.553133247111285,5.663536829677315,0.6445626206276858,0.5094727016871773,True,False
45,景点_45,武汉,现代都市,5.0,2,6028,6.410004629073625,34.19944977681819,0.43650628630703103,0.8679589767759943,True,True
46,景点_46,杭州,现代都市,3.3,3,5926,8.582248498144759,5.029581551046608,0.7564651433171554,0.6041997868091658,False,True
47,景点_47,上海,自然风光,4.9,2,5934,10.174784865932669,11.047364320901146,0.8466435494702633,0.5664640213539913,True,True
48,景点_48,深圳,美食体验,4.1,2,6042,8.748133270009554,3.649383701404324,0.8540244786226632,0.8192443923995678,True,True
49,景点_49,西安,历史文化,1.7,1,6017,6.552571519397414,4.618059632344435,0.7217288814924185,0.6598715977038474,False,True
50,景点_50,苏州,自然风光,3.9,4,6131,9.320274096760244,2.6929417135361726,0.6581470077633098,0.5285585816852216,False,True
51,景点_51,广州,自然风光,4.6,1,5940,9.849791452964126,4.410189319887788,0.3427050001037764,0.5688148671991806,False,False
52,景点_52,北京,美食体验,4.8,1,5992,10.222753865943046,7.339100949170374,0.501481909196124,0.5004647084349805,True,True
53,景点_53,深圳,历史文化,4.6,1,5987,8.239558886776553,39.40255507047882,0.3652900127447189,0.9516118136723537,False,True
54,景点_54,上海,休闲娱乐,5.0,2,6043,9.381959826172572,9.72995708652983,0.9746762126149315,0.5123089919206193,True,True
55,景点_55,苏州,艺术展览,2.8,1,6113,8.704118849633478,2.777611506020096,0.39455610235803246,0.6047278847547555,True,True
56,景点_56,深圳,艺术展览,3.3,1,5940,10.03233623251352,1.3680285121572966,0.4062427868957714,0.7081313903439537,True,True
57,景点_57,上海,休闲娱乐,2.7,1,5980,9.501341803948911,2.0806628790970247,0.9227036328313445,0.6782856629754095,True,True
58,景点_58,成都,自然风光,3.1,1,5994,9.154537317354809,7.614438043868107,0.9607497984335205,0.9558629384563879,True,True
59,景点_59,成都,历史文化,4.3,2,5954,7.497146201029492,12.590817983685792,0.8360803274644368,0.5201444728672711,True,False
60,景点_60,武汉,自然风光,3.9,2,5804,6.012111106489403,23.56337621598221,0.3037834465708689,0.7561073538385258,True,True
61,景点_61,深圳,现代都市,4.6,2,5952,7.044490051868576,1.1275975585545286,0.3009423896695946,0.840239731262187,True,True
62,景点_62,成都,自然风光,2.9,2,5986,6.702396248545012,6.917888532805952,0.5646705388512154,0.9658489868405844,True,True
63,景点_63,上海,自然风光,3.4,2,5951,8.694508470065681,6.092129073402621,0.40037675900762476,0.8101856260618605,True,True
64,景点_64,武汉,休闲娱乐,3.8,1,6085,9.673548904571067,9.538188656044092,0.3128702995061181,0.9018776180058814,True,True
65,景点_65,上海,休闲娱乐,3.5,2,6024,7.2785100521088495,7.560190887219135,0.6248466825831532,0.5418624689226742,False,True
66,景点_66,武汉,休闲娱乐,5.0,4,5968,11.634342575803123,10.293417423988167,0.9601433281848801,0.6929697554684637,False,True
67,景点_67,深圳,艺术展览,3.4,2,6059,6.040092775343327,9.585488375634807,0.526673702431702,0.6869735672395337,True,True
68,景点_68,苏州,现代都市,3.1,1,5943,10.633806090992056,1.995546855209251,0.7627984749000876,0.9431441082278589,False,True
69,景点_69,西安,休闲娱乐,4.5,2,6010,9.751228617182655,13.864227794020016,0.7565647471927085,0.5756855856316374,True,True
70,景点_70,南京,历史文化,3.4,2,6097,8.241328806286091,2.0521081315176897,0.4757560725656174,0.5759430861683151,True,False
71,景点_71,苏州,艺术展览,2.7,2,6076,6.3029336664744475,10.592694752990495,0.755297674176705,0.6642790749428993,False,False
72,景点_72,杭州,美食体验,3.4,1,6025,9.764919430705676,5.304825954654048,0.4486337820008239,0.5272330236834188,True,True
73,景点_73,上海,历史文化,4.4,1,6048,8.313681077193888,6.769916573885866,0.3854051895038223,0.591229020326245,False,True
74,景点_74,杭州,历史文化,3.0,1,5967,11.617602836479314,19.688970742987372,0.7909682998917831,0.9826048192728676,True,False
75,景点_75,苏州,休闲娱乐,5.0,4,5928,9.251940449338596,18.649747515164215,0.3794085719727417,0.7140919699335864,False,True
76,景点_76,武汉,美食体验,3.4,3,6046,11.637909067761049,14.623674992413823,0.9978364530125488,0.8160096042112182,True,True
77,景点_77,南京,美食体验,4.1,1,5885,7.322902160839824,6.70922200794937,0.4284166808051605,0.8630556296723184,True,False
78,景点_78,南京,艺术展览,3.3,1,6009,10.35435546218462,11.661719682995923,0.7158993039295203,0.6834807035036002,True,True
79,景点_79,北京,美食体验,3.1,3,5940,9.703494125092355,6.7542383461324675,0.5879621999888125,0.5736135372052584,False,False
80,景点_80,南京,现代都市,3.9,1,6008,10.43644937898787,17.29756220258168,0.38847049568396697,0.6032905081108904,True,False
81,景点_81,西安,休闲娱乐,4.4,1,6010,7.288007183835221,5.1237019787653795,0.31949073530418937,0.6566332382903052,False,True
82,景点_82,南京,美食体验,4.0,4,5940,9.989967097426643,29.115469148641537,0.7359125976049833,0.8180342101761129,True,False
83,景点_83,苏州,艺术展览,4.1,1,5986,8.988242358341214,22.544042547899295,0.8647302946523883,0.6991402745445272,True,True
84,景点_84,北京,现代都市,4.7,2,6034,10.456949849437898,11.826053154579075,0.8894109630547207,0.5034073489500641,True,True
85,景点_85,苏州,自然风光,4.8,4,5891,7.962267864910906,3.6215449911807562,0.6378994311538542,0.7617035925337359,True,True
86,景点_86,苏州,自然风光,3.9,2,5992,11.340342152791514,2.1293164214840976,0.8442188270276698,0.9607566959537089,False,True
87,景点_87,广州,现代都市,2.9,1,5956,6.5058078876681025,16.43182762645759,0.7709929934419812,0.9060388055043396,True,True
88,景点_88,北京,艺术展览,3.8,1,5900,10.843135912747128,2.4454851120239782,0.8069781692493931,0.9126056856298155,True,True
89,景点_89,苏州,现代都市,3.6,3,5999,11.167917754890546,16.40749184389511,0.6448193036552698,0.8975290088030656,True,True
90,景点_90,广州,休闲娱乐,4.3,3,6092,10.903513868200928,6.398765540570366,0.7433882181694889,0.6618654128052118,True,True
91,景点_91,广州,休闲娱乐,3.0,3,6056,9.076358365570655,5.1745099654536695,0.8638681395032399,0.882596916877196,False,True
92,景点_92,北京,自然风光,3.9,1,6033,8.630309880184567,19.680104234093143,0.5785189228899161,0.5715806789055965,True,True
93,景点_93,杭州,美食体验,3.5,3,6012,11.97757371914926,8.407718654374413,0.8641852306073086,0.8288580736379767,True,False
94,景点_94,武汉,艺术展览,4.9,4,6012,7.375031707284973,7.875768026614102,0.7144117899523439,0.8207842833424972,False,False
95,景点_95,西安,自然风光,3.7,2,5889,9.281255795256268,7.545438452109069,0.41613071705955035,0.5127848995448674,False,True
96,景点_96,武汉,美食体验,3.8,4,5954,10.024053152293954,4.711148475436273,0.3172789100572092,0.8939850667954659,True,False
97,景点_97,南京,美食体验,4.4,3,6067,10.205205815168592,13.320903300617145,0.5539275202794064,0.9516240525475652,True,True
98,景点_98,西安,休闲娱乐,3.8,2,5990,7.224147994431473,3.3313624771973473,0.6826874298074379,0.6337076392360539,True,True
99,景点_99,南京,历史文化,4.7,2,5888,9.923964554038808,23.36128743325559,0.8878742465424418,0.9061953620930754,True,True
100,景点_100,苏州,历史文化,2.8,2,5931,10.910217398888024,18.953412956648688,0.3892399760981723,0.5412029859309742,False,True
101,景点_101,上海,现代都市,3.9,1,5889,6.300111460926673,4.2936401957457315,0.8601444433785053,0.7999839291305331,True,False
102,景点_102,北京,休闲娱乐,4.9,2,6056,11.469127759951899,11.458794015109833,0.9041063322470588,0.7428234326671386,True,True
103,景点_103,西安,美食体验,3.7,2,5961,6.177024330871236,7.811952848317577,0.40548124090058363,0.7729617666545,True,True
104,景点_104,西安,艺术展览,3.0,3,5932,8.135826194930367,4.295680864222072,0.8961160235129533,0.9631026009421726,True,True
105,景点_105,苏州,历史文化,3.7,4,6004,6.094879177397773,36.738339616046915,0.9940174974899543,0.9356576236234267,True,True
106,景点_106,杭州,美食体验,3.0,3,6011,6.462871011237491,1.2044901540626087,0.8087871817337662,0.8925418286198785,True,True
107,景点_107,广州,历史文化,4.4,1,6023,11.467009711080475,3.3297308119437976,0.8493387772774916,0.6368492288391855,True,True
108,景点_108,苏州,历史文化,4.1,1,6105,8.129164984476887,6.872987847730437,0.9960906872912114,0.9559093143430458,True,True
109,景点_109,成都,历史文化,3.6,1,6001,8.548629182550318,6.9043698579294634,0.7238368753681617,0.5487538462319377,True,True
110,景点_110,广州,艺术展览,2.2,2,6049,7.292066288295316,8.111993944477636,0.5155204674113746,0.9266646082793939,True,True
111,景点_111,北京,休闲娱乐,3.0,3,5961,9.582574621120319,12.144173012844917,0.8862715838532389,0.6640800361768039,True,True
112,景点_112,广州,艺术展览,5.0,4,5903,9.568819288066738,8.81422680314281,0.7301400442581418,0.5268861558309916,True,True
113,景点_113,杭州,自然风光,4.3,2,5997,8.233202350951316,8.335957046984246,0.7068367966046696,0.8346784921203741,True,True
114,景点_114,广州,美食体验,4.9,4,6048,7.998209230832391,1.4399967109181275,0.47754488885982677,0.6156399641579777,True,True
115,景点_115,北京,休闲娱乐,5.0,3,6032,11.309785849083527,4.779640736717927,0.8294339887080207,0.6217855629323159,True,True
116,景点_116,杭州,休闲娱乐,3.2,2,6039,8.29970543785321,3.112305009633891,0.35716709310206735,0.6530235831143858,True,True
117,景点_117,武汉,休闲娱乐,5.0,3,5936,8.961005952926449,3.4671076783580554,0.9470009495562628,0.5318423837512584,False,True
118,景点_118,西安,休闲娱乐,4.8,2,5957,7.699828574549584,7.465546258440283,0.5280764225393393,0.588563572099127,False,False
119,景点_119,西安,艺术展览,3.6,1,5899,10.720617020142765,2.7802030886377977,0.3894422569529933,0.5025698137927801,False,True
120,景点_120,南京,休闲娱乐,1.1,2,6031,8.38468894139455,3.78454359368552,0.6096565731716932,0.7227047605528933,True,True
121,景点_121,武汉,现代都市,3.4,2,5947,9.081666279265947,3.1648661935853433,0.3297289364795732,0.5421276887089856,False,False
122,景点_122,武汉,美食体验,4.1,2,6096,7.520143020357969,24.72984498250737,0.7792383359854764,0.8413263025220995,True,True
123,景点_123,广州,休闲娱乐,3.9,2,5945,11.92595755404751,24.15490312769703,0.9318938573117492,0.6178114255958242,True,True
124,景点_124,西安,美食体验,3.9,2,5884,7.748974445542338,8.531669610648674,0.8860841049969561,0.9717870720175885,True,True
125,景点_125,北京,现代都市,3.2,2,5984,10.624455185433309,21.671362128932554,0.38915863141351675,0.9356258136993263,False,True
126,景点_126,深圳,现代都市,4.3,2,6051,8.564973902140554,13.327233268089852,0.3883897959754123,0.6447204474841042,True,True
127,景点_127,深圳,美食体验,3.8,2,6023,7.237304430504839,8.131768097957487,0.8694041376269848,0.8916077273283394,True,False
128,景点_128,杭州,历史文化,4.4,2,6015,10.798312583789167,1.051648053862418,0.946977992222181,0.9016224523324031,False,True
129,景点_129,西安,自然风光,4.6,2,6069,8.00164073417426,12.845413042526646,0.6224688808834424,0.9932815570572052,False,True
130,景点_130,西安,历史文化,2.3,1,5947,11.191160084386865,10.698414934610879,0.6492797818396361,0.7989199934228425,True,False
131,景点_131,深圳,历史文化,3.3,2,6051,11.491543109506939,8.641368012153446,0.5227834289700081,0.5409828673218311,True,False
132,景点_132,西安,艺术展览,3.7,1,5961,11.158943012347656,12.431087085431967,0.9259855827794898,0.8234186144631905,True,True
133,景点_133,广州,历史文化,4.8,2,6038,6.210047488840834,6.754650741966751,0.7514320337046492,0.8124898741880175,False,True
134,景点_134,成都,休闲娱乐,4.2,3,5871,10.724240070030634,10.741417490144746,0.5017761040171579,0.8191752887102159,True,False
135,景点_135,上海,艺术展览,4.3,2,5967,8.468036798994863,22.888152063847283,0.5091480097379761,0.6535728240521057,True,True
136,景点_136,武汉,艺术展览,2.3,2,5937,11.24233752109335,4.770339878536802,0.9238400511445217,0.9298397925401665,False,True
137,景点_137,南京,现代都市,4.2,4,5867,9.827725576108433,10.851350452753746,0.309543816734075,0.979736091477706,True,False
138,景点_138,杭州,历史文化,4.8,3,5981,11.001858804863751,6.165344039241854,0.5259086009086469,0.6088562564890758,True,True
139,景点_139,成都,现代都市,4.9,4,6109,8.996590619201012,9.97667660389556,0.6880496768514583,0.5440760790683222,True,True
140,景点_140,深圳,美食体验,4.7,3,6069,9.210153027593597,12.51396142513607,0.4037522234695272,0.597267516584242,True,True
141,景点_141,武汉,自然风光,4.0,1,6106,6.866325792802003,1.3721429858927447,0.36446912793971287,0.9102760696278593,True,True
142,景点_142,西安,艺术展览,3.7,1,6093,10.703924152136132,9.321247802550273,0.8706934317633919,0.8383223174099237,True,True
143,景点_143,南京,美食体验,2.6,2,5923,8.51633767000183,3.0571317342371445,0.926083072053955,0.8180236711695633,True,True
144,景点_144,西安,美食体验,3.3,1,5975,9.000480709629496,9.870089830397777,0.8765244945587325,0.7008965675547123,True,True
145,景点_145,北京,休闲娱乐,4.3,2,5976,10.710586284574246,6.053861060600953,0.9291515228161433,0.7889139857557179,True,True
146,景点_146,北京,自然风光,3.2,2,5982,9.593072400476634,12.881945736718507,0.68717837974086,0.6539370626371837,False,True
147,景点_147,南京,美食体验,4.6,2,5996,7.206592364656005,2.053643367687165,0.8685806846932393,0.7386000397089807,False,True
148,景点_148,南京,美食体验,4.5,3,5984,9.541395954905356,8.874894048347699,0.5688298468737703,0.896531514185328,True,True
149,景点_149,深圳,自然风光,4.8,3,6205,8.445797147877935,3.6110586547532733,0.7663875030353269,0.9906207987277311,True,True
150,景点_150,南京,自然风光,4.9,2,6075,8.817153252263175,16.337601751674235,0.9921848719724151,0.9662444617949009,True,True
151,景点_151,广州,美食体验,4.3,3,6025,6.169867646416007,22.091438906705775,0.4580094066873892,0.9669329714231244,False,True
152,景点_152,西安,自然风光,4.2,2,6026,7.260176097097689,46.01078054217616,0.5729298224037565,0.7011118674235561,True,True
153,景点_153,成都,美食体验,4.8,3,6027,7.68622848828617,13.717372577636318,0.6360331641170599,0.7343949402533955,False,False
154,景点_154,苏州,美食体验,3.5,1,5938,10.277760047152835,12.210746499239335,0.3966108409140362,0.8528176981844908,True,True
155,景点_155,南京,休闲娱乐,3.8,4,5867,6.068954839788692,2.9416773930872413,0.35672702732553974,0.9610959640256421,False,True
156,景点_156,杭州,历史文化,4.1,2,5832,8.452663567374792,4.275870084571301,0.8808060064251371,0.5709971296760423,False,False
157,景点_157,北京,美食体验,3.8,2,5954,11.544161222554397,6.014121004639105,0.9837560609793103,0.6521209319135979,False,True
158,景点_158,广州,现代都市,4.6,1,5873,6.671283699294743,12.87588237248844,0.583307544680761,0.5696234222970548,True,True
159,景点_159,武汉,艺术展览,3.3,2,6049,9.098546329311667,20.717620126307278,0.36135488533625726,0.8060042649797277,True,True
160,景点_160,苏州,历史文化,4.8,1,5862,10.719134294345082,2.6772700500147844,0.3460682324834035,0.6531504984437688,True,True
161,景点_161,成都,历史文化,3.5,1,6095,11.6551878451207,21.446151420566082,0.9239227444522091,0.6630539262562867,True,False
162,景点_162,苏州,历史文化,4.2,2,6026,10.480659837202307,10.515949143861407,0.6246699748093759,0.5354579797439896,True,True
163,景点_163,南京,休闲娱乐,3.3,2,6079,10.323393291866438,8.548693821665793,0.5240191215936743,0.674898030903796,True,True
164,景点_164,深圳,美食体验,3.5,2,5986,10.958928541174576,2.7835612807797845,0.6335228898675797,0.9312482537007927,True,True
165,景点_165,北京,休闲娱乐,4.1,4,6064,8.677207325865261,1.4570087692807565,0.5228128662846431,0.6165364059454175,True,True
166,景点_166,北京,美食体验,4.2,2,6033,10.835067195706998,7.723251393288214,0.642325042715334,0.8475937331050328,True,True
167,景点_167,武汉,休闲娱乐,4.0,2,5938,6.0477864284727065,9.433296417381227,0.9016894778425557,0.8148141724692963,True,True
168,景点_168,深圳,休闲娱乐,2.8,1,6051,11.547366332260829,2.8936959958179913,0.7146109597434669,0.9317423041845576,False,True
169,景点_169,西安,艺术展览,5.0,3,5880,8.659839057103053,7.503669883024935,0.7862576409671227,0.5661439738255192,True,True
170,景点_170,上海,现代都市,3.8,2,5993,9.320281127194486,16.530994168473985,0.5552694733640355,0.9887949801725215,True,False
171,景点_171,广州,休闲娱乐,3.1,4,5967,7.529293493489294,15.417676435160251,0.8169541149573631,0.7913143230201828,True,False
172,景点_172,北京,艺术展览,4.8,3,5989,10.45518499704253,21.977385602685246,0.7666319594155606,0.9977370761734072,False,True
173,景点_173,杭州,自然风光,4.2,2,6028,6.459814838851493,4.644209837231585,0.3836933984264395,0.9557573629329255,True,True
174,景点_174,北京,现代都市,3.0,1,5909,11.235814815281012,4.062386486442498,0.7008499971809092,0.6107586360565529,True,True
175,景点_175,苏州,休闲娱乐,3.4,3,5949,10.968700974038057,12.07200813414972,0.4797204474168306,0.5280810049516566,True,True
176,景点_176,北京,历史文化,3.7,3,5995,7.296360697468598,5.512579302975752,0.8628669687435149,0.6278195468976808,True,False
177,景点_177,北京,自然风光,3.6,1,5951,10.855946389711574,1.7329642031120995,0.5981563959268577,0.7637818244997099,True,True
178,景点_178,上海,自然风光,4.4,1,6102,10.718146398368889,3.6592169100716383,0.9962789156375409,0.5857981835325949,False,True
179,景点_179,上海,艺术展览,4.7,3,6112,9.793299586523695,5.338286581435453,0.36475030655727464,0.5837298722589943,False,False
180,景点_180,成都,自然风光,4.2,1,5994,8.241121061398125,3.768326927640767,0.8462435039181109,0.7312967735525766,True,True
181,景点_181,西安,现代都市,5.0,4,5995,7.628992525091207,4.230199149972443,0.7715912134795095,0.5166339855846792,True,False
182,景点_182,杭州,休闲娱乐,4.1,2,5994,7.3907015417361,3.782581428025071,0.8372491814134937,0.5609440412661353,True,False
183,景点_183,北京,休闲娱乐,3.0,1,5995,7.911653776581643,1.3390787809725775,0.5152708568433194,0.7079306697039738,True,True
184,景点_184,北京,历史文化,3.8,3,6007,11.421350660595182,9.108906900538235,0.6444381425676804,0.5315649546039832,True,True
185,景点_185,广州,艺术展览,3.8,2,6081,6.465844655932687,8.276356713875916,0.8575559638065959,0.6983775282277647,True,False
186,景点_186,上海,历史文化,1.7,2,5993,10.973227657517752,9.476290345087667,0.4627789321345985,0.7370031329742226,False,False
187,景点_187,杭州,自然风光,3.4,1,5938,8.093340450250942,2.7086146297949405,0.4582232377520564,0.7256333070365573,False,True
188,景点_188,武汉,历史文化,4.3,1,5828,9.12959637606815,3.803890681960412,0.6857356673064526,0.9345874287015437,True,False
189,景点_189,成都,现代都市,3.3,2,6072,10.766913801890944,8.73259054502252,0.6664945056708991,0.7650312275258662,True,True
190,景点_190,西安,休闲娱乐,3.5,2,6073,11.306259282137827,8.322880689672045,0.497583729289053,0.7339902312390216,True,True
191,景点_191,深圳,自然风光,4.9,2,6096,8.068688520435881,6.647109022822385,0.508652955367376,0.7053546226958332,True,False
192,景点_192,西安,历史文化,3.3,3,5829,8.771060887650663,4.451351100207039,0.4944916142445958,0.9088116891522431,True,True
193,景点_193,苏州,艺术展览,4.7,2,6131,8.487096388900753,20.52843540846102,0.8400584433989413,0.9475283019999166,True,False
194,景点_194,北京,现代都市,2.7,1,5978,6.079506201023463,4.321339094492474,0.7563306058937225,0.9266212345985587,False,True
195,景点_195,成都,现代都市,5.0,2,6097,7.77565733315194,5.864849575914867,0.8826920283871769,0.8367732890656954,False,True
196,景点_196,苏州,历史文化,4.1,4,5948,8.755135402395371,10.06845846574461,0.9828311198198152,0.5686808729843371,True,True
197,景点_197,杭州,休闲娱乐,3.7,3,5957,8.466561653282639,7.264950270905238,0.6319150073903905,0.6384349847460061,True,True
198,景点_198,深圳,历史文化,5.0,2,6089,10.331575365094077,4.408028399095558,0.3466857169838142,0.5230315318409887,True,True
199,景点_199,上海,自然风光,3.6,1,6046,8.308821703326618,5.5765713725788695,0.3336646172884248,0.965412037495057,True,True
200,景点_200,成都,历史文化,5.0,2,5948,8.936258693824021,13.657727244988385,0.5069655274901333,0.8303992648454552,True,True
201,景点_201,成都,现代都市,4.6,3,6067,8.57765155279418,3.6072723344543878,0.9527812125467157,0.8731814421566207,True,True
202,景点_202,北京,历史文化,4.0,3,5888,10.443756893366224,2.2275896480652753,0.6662491384796123,0.6557858697911145,True,True
203,景点_203,南京,休闲娱乐,4.0,2,6010,11.177834393921774,4.005268577836514,0.4902505612560904,0.9228267611386711,True,False
204,景点_204,成都,艺术展览,5.0,3,5981,9.191334474045085,16.15215652859726,0.5794167561577137,0.6298016418542393,False,True
205,景点_205,广州,美食体验,4.1,3,6054,10.736593165171147,1.7456087346942737,0.7190165751832696,0.5008218785562248,True,True
206,景点_206,深圳,历史文化,4.2,1,6030,7.780720092119104,39.32821430715087,0.7570647606964895,0.6882074812603469,True,True
207,景点_207,深圳,休闲娱乐,4.2,2,6100,9.248217660943613,7.229691077504622,0.4077436568480335,0.7853807404795368,True,True
208,景点_208,广州,休闲娱乐,3.5,1,6000,8.071379722019834,34.515790881717855,0.983922173581623,0.7393524289827613,True,True
209,景点_209,武汉,艺术展览,4.1,1,5902,8.485205553430982,23.374582097605494,0.6813405588879522,0.9310380712882985,True,True
210,景点_210,广州,现代都市,4.0,3,5924,10.394483188876011,5.823727804062534,0.3949818224545955,0.5527026429780835,False,True
211,景点_211,广州,休闲娱乐,4.1,2,6051,11.289974893996277,2.770073369047706,0.9255446773422935,0.7769117203168627,False,True
212,景点_212,深圳,休闲娱乐,2.9,2,6073,6.728972346526593,2.441484572110096,0.35224690175560014,0.7564896749104537,True,False
213,景点_213,西安,休闲娱乐,4.3,1,6006,9.807835538924284,3.1953828071338997,0.9354148032242589,0.6406964910860815,True,True
214,景点_214,深圳,休闲娱乐,2.3,2,5882,9.49286284546679,10.90665473511484,0.9975959594022876,0.9111140562885053,True,True
215,景点_215,南京,自然风光,3.9,1,6114,6.710490235055591,3.5500801662097516,0.7903022594095527,0.8764243279411031,True,True
216,景点_216,北京,自然风光,3.9,1,5937,7.2713659826406545,4.341418227546331,0.8393130547517929,0.8664295936659154,False,True
217,景点_217,苏州,现代都市,4.3,2,6072,7.866014968396081,5.764952845845585,0.5361119855272405,0.938096239134778,True,True
218,景点_218,西安,历史文化,3.0,1,5977,7.001586424905009,20.556201846096428,0.9591037969137537,0.8613923003107606,True,True
219,景点_219,上海,休闲娱乐,2.3,2,5981,7.4623768951460505,2.6797795581412744,0.6707997762758573,0.6159206458573632,True,True
220,景点_220,苏州,艺术展览,3.3,1,6008,7.6056047931702455,1.0403138257570088,0.8126719126182884,0.8527813558248456,True,True
221,景点_221,北京,历史文化,2.9,1,6018,8.014042998234357,1.4958237856820311,0.9468754011378957,0.6538514066949219,False,True
222,景点_222,南京,艺术展览,2.4,1,5976,10.496342716806954,19.81137476711963,0.9826259831828559,0.6210873251737352,True,True
223,景点_223,南京,历史文化,4.8,2,6016,9.431473223103605,9.342010932769606,0.883243049617672,0.5365017964498137,False,True
224,景点_224,上海,现代都市,4.6,2,5892,11.917480031708408,3.5510774042998223,0.512112254887421,0.8720142901738384,True,True
225,景点_225,西安,休闲娱乐,3.7,2,6005,8.488414961804827,2.5602640580599685,0.9765832615864576,0.8555004809749056,False,True
226,景点_226,武汉,休闲娱乐,3.9,2,5922,10.52319044302155,3.7881434144972066,0.7396836718705002,0.6172497388370468,True,True
227,景点_227,广州,美食体验,3.6,3,6154,11.228810528259203,1.9755055965062254,0.9514497334463718,0.874689508362078,True,True
228,景点_228,西安,艺术展览,3.1,1,6003,10.073870958228252,23.714330016083395,0.7732735180700463,0.9589204415467765,False,True
229,景点_229,武汉,历史文化,4.5,2,6065,8.471188442504976,13.267454704671588,0.5150672732934043,0.5540144787457897,True,True
230,景点_230,南京,历史文化,4.6,3,5894,10.521567784474517,5.964992623318646,0.5590171668999712,0.6163183191933874,True,True
231,景点_231,深圳,自然风光,3.1,2,6006,7.222002826636109,17.01762831803389,0.6853302439720583,0.8751303970436577,True,True
232,景点_232,北京,美食体验,3.9,2,6016,7.965312991080794,3.295679511817937,0.8530103890919174,0.6372533367535391,False,True
233,景点_233,上海,自然风光,5.0,4,5896,9.280111530595732,11.101876072981327,0.5225877859382344,0.8123319871418584,True,True
234,景点_234,北京,自然风光,4.8,3,5911,9.45245632371689,16.510900280218884,0.7058118162939344,0.5405821122318573,False,True
235,景点_235,杭州,自然风光,4.4,1,5983,6.132848852835776,4.530007339489508,0.541937495503481,0.7261012395517694,True,True
236,景点_236,杭州,艺术展览,4.9,2,5961,11.670685132536052,12.332855701229642,0.8710385832445751,0.8695457109964766,True,False
237,景点_237,西安,艺术展览,4.6,2,5998,10.17976362730434,3.7972808360473462,0.6267096656375652,0.8432569715216263,False,True
238,景点_238,南京,现代都市,4.4,2,6078,8.974222501391345,3.8403488909591617,0.35370597879701965,0.9075360503379034,True,True
239,景点_239,南京,现代都市,3.8,2,5974,11.59876340644985,1.9058618391324775,0.41623676503707546,0.9387260633015844,False,False
240,景点_240,广州,自然风光,3.9,2,5989,8.634573391504972,5.639377240852066,0.3427732673337426,0.8865917506293791,False,False
241,景点_241,广州,美食体验,4.2,2,6009,11.882613421622231,11.466135006919842,0.6495120622100277,0.835793871469463,True,True
242,景点_242,广州,历史文化,3.6,2,6022,9.07370854346091,23.536780782526023,0.374436108143759,0.5158612459080156,True,True
243,景点_243,深圳,艺术展览,2.2,3,5996,6.685714619987877,8.406628419538869,0.37989797851674245,0.767483336704722,True,True
244,景点_244,苏州,美食体验,3.6,2,5923,10.588805834755664,16.910113355190127,0.958733782026864,0.5188488624574263,False,True
245,景点_245,成都,休闲娱乐,4.0,1,6079,10.073386350467043,14.830036205417777,0.9108585505232387,0.9040339085580114,False,True
246,景点_246,苏州,艺术展览,3.4,2,6075,10.63792032783352,2.522923889533828,0.6164606177679561,0.6603622622299787,True,True
247,景点_247,北京,艺术展览,3.6,1,5926,11.708652172354086,6.32141503941074,0.990063724595144,0.7812146870589605,True,True
248,景点_248,苏州,现代都市,3.6,2,6037,10.658935815906109,1.9947478871474378,0.30013056971946417,0.6397226536594514,True,False
249,景点_249,深圳,历史文化,5.0,2,6077,9.668019613299881,10.169485218870019,0.7297856193913757,0.8912500721901468,False,False
250,景点_250,北京,历史文化,3.6,1,5922,11.143853414165045,24.94982119262745,0.731499724160309,0.9432512633209513,True,True
251,景点_251,苏州,休闲娱乐,4.8,2,6072,10.039478636127189,2.1795540215272227,0.6202101391089216,0.699321247106532,True,True
252,景点_252,深圳,休闲娱乐,1.7,1,6062,8.448714340955538,11.590557670437354,0.5778635810540049,0.9314611967554944,True,True
253,景点_253,成都,艺术展览,5.0,1,5958,11.31371858545064,9.002557595216143,0.6187681948364253,0.6335375037281662,False,False
254,景点_254,苏州,自然风光,5.0,2,6065,7.331402764706237,8.008968311005805,0.5904723052557763,0.7673304615377619,True,True
255,景点_255,深圳,现代都市,4.8,2,6049,10.287847649452345,4.9559475783135,0.8113447342376094,0.929380714919352,True,True
256,景点_256,广州,现代都市,2.6,4,6084,11.289380729644542,4.509672704506436,0.39474880448129884,0.6629406713078951,True,True
257,景点_257,南京,艺术展览,4.7,2,6112,10.387899118219778,1.3704392276770387,0.4383474544137911,0.9770211325390429,True,True
258,景点_258,广州,美食体验,4.1,2,6019,10.183652514323143,2.9662704310788577,0.4263627598746965,0.5609397508906918,False,True
259,景点_259,南京,自然风光,1.7,2,5970,10.515829764431016,1.1223458388915828,0.48372940958488514,0.5091375348617531,False,True
260,景点_260,上海,艺术展览,5.0,1,6010,8.790331489803865,7.967042668752432,0.6676808931471083,0.9520676762890954,True,True
261,景点_261,上海,自然风光,5.0,4,6037,11.245024092942156,1.8950828127813488,0.3778461231367531,0.5343243330739361,True,True
262,景点_262,上海,自然风光,2.7,2,6158,7.220618850816547,17.50976730464111,0.9077185067285529,0.9959445979737458,True,True
263,景点_263,成都,自然风光,4.3,3,5889,6.764318496002035,6.924309334396787,0.5081530719159306,0.9756984309895531,True,True
264,景点_264,广州,艺术展览,4.8,1,5998,7.713052680711069,10.6235176135145,0.41377659122809546,0.5685104550181603,False,False
265,景点_265,南京,现代都市,4.9,2,5998,9.189464380649959,5.232691970447264,0.7729349167187702,0.7687923128462829,True,False
266,景点_266,深圳,现代都市,4.7,2,6012,9.063370772456029,7.578393350340149,0.3266604104195235,0.5924601487335721,True,False
267,景点_267,北京,自然风光,2.0,3,6021,10.92359254605952,23.869939720526038,0.7339779954119149,0.7140775865150599,True,False
268,景点_268,深圳,美食体验,4.4,1,5972,8.427411938424104,1.6908625252110445,0.7887389014735497,0.5307125646299163,True,True
269,景点_269,北京,历史文化,3.8,2,6104,8.906066557749051,3.3435701328430913,0.4504415719707034,0.6119622938982947,True,True
270,景点_270,杭州,艺术展览,5.0,4,5989,6.080206099556374,13.11259739631884,0.329374851410544,0.6816363981994498,True,True
271,景点_271,深圳,历史文化,3.9,2,6018,8.458435418657634,1.8316671649919323,0.5545517512436147,0.7193237501230274,True,False
272,景点_272,苏州,美食体验,4.1,2,5855,9.886645397702052,1.6294120313426044,0.36901596116935553,0.9887481291044466,False,True
273,景点_273,苏州,艺术展览,4.5,1,6029,6.093049983759553,4.589587545021595,0.38153449477133594,0.9039328228419906,True,True
274,景点_274,西安,自然风光,4.2,4,5944,7.6852917911174625,1.7735671502583434,0.47798286201140516,0.8687049721559731,True,False
275,景点_275,广州,现代都市,3.7,1,5948,7.247738155736339,8.037326351854535,0.5068275472387315,0.7685206573709871,False,True
276,景点_276,北京,历史文化,3.6,3,6050,6.251912573457529,3.052312718805641,0.6709792387149944,0.9199988803021717,True,True
277,景点_277,北京,休闲娱乐,2.8,3,6131,8.875560539487225,19.08371511101016,0.7748743198521091,0.6696614178278555,False,True
278,景点_278,广州,休闲娱乐,4.5,1,6092,7.0903397593689395,13.241320839670893,0.7149396586091293,0.8544495563866581,True,True
279,景点_279,成都,美食体验,3.4,2,6027,10.458489237788282,10.623925123773763,0.40385223610266174,0.996891987689086,True,True
280,景点_280,西安,自然风光,3.4,1,6073,11.08756730258009,8.67659326304055,0.42046022271683847,0.6573144544675994,True,True
281,景点_281,成都,历史文化,4.1,1,6050,9.273511096014886,16.929437088782826,0.9151384748550402,0.8370087674419837,True,True
282,景点_282,成都,自然风光,2.8,3,5886,11.89024405512685,3.019158440719454,0.6908466205448796,0.9221574320761912,True,False
283,景点_283,成都,历史文化,2.7,3,5827,8.702871428823572,17.515404716983994,0.9089564830283823,0.9579037916753361,False,True
284,景点_284,广州,美食体验,4.0,2,6027,9.080209261349493,13.465864315758857,0.560082557923912,0.8589663454700509,True,True
285,景点_285,成都,美食体验,4.5,2,6074,11.935306523746501,12.031716761264986,0.7300800052019267,0.6418039617085681,True,True
286,景点_286,苏州,休闲娱乐,4.7,1,6098,7.3892906157902924,7.590707566136892,0.6665643912382275,0.6631410757844732,True,True
287,景点_287,上海,自然风光,2.6,1,5895,11.655275638061433,3.261494274651283,0.5233864428743238,0.5103790160619821,True,True
288,景点_288,杭州,艺术展览,4.5,1,6047,6.257025330714679,5.4069044645159625,0.6289407604235167,0.8804429888357548,True,True
289,景点_289,北京,休闲娱乐,3.7,1,6039,8.678321341579169,13.622376622871395,0.6517436137788524,0.5213698030309757,True,True
290,景点_290,北京,自然风光,3.2,2,5959,6.420021072798395,1.2583550352900108,0.440539682329675,0.9323261773013729,False,True
291,景点_291,杭州,休闲娱乐,3.6,2,6027,10.375408457481857,13.187945038770629,0.5205072606637121,0.5593303072372694,False,True
292,景点_292,广州,艺术展览,4.5,2,6041,9.650453615280107,3.1962394369826987,0.8539868253548828,0.5859382560679621,True,True
293,景点_293,深圳,现代都市,4.4,1,5893,10.239805580805578,2.2467694711264024,0.9410517676178889,0.7382632354161187,True,True
294,景点_294,广州,现代都市,3.8,2,6038,8.2468823998081,1.9836831843989637,0.5518558654817096,0.8689402075843712,False,True
295,景点_295,北京,现代都市,4.4,3,6081,8.216891604188282,1.2210254352245746,0.5148805975463127,0.5695011025995389,False,True
296,景点_296,北京,现代都市,4.9,1,5996,6.271915673765368,6.931752586804689,0.43663801520031775,0.7200355375332492,True,False
297,景点_297,杭州,历史文化,4.0,4,6044,8.09966963717784,2.9698632935149467,0.7749438180554068,0.7414256372050524,False,True
298,景点_298,成都,现代都市,3.9,3,5936,11.575730413572357,37.39922039071086,0.526169791166436,0.6061428208342956,True,True
299,景点_299,广州,艺术展览,5.0,1,5980,8.275359223082694,7.834733657326742,0.991424677369432,0.5577791883403158,False,True
300,景点_300,南京,美食体验,3.8,3,5917,10.98820623733182,2.1869353518427146,0.5279793614447672,0.9182104614928197,True,True
301,景点_301,杭州,美食体验,4.6,2,6081,11.053953028499604,10.33759299022702,0.5758952327478397,0.7512328248813828,True,True
302,景点_302,苏州,历史文化,3.5,2,5938,8.239446938275403,19.242172534546132,0.7223339373484243,0.5071906179920764,False,True
303,景点_303,北京,现代都市,4.0,2,5937,9.791932082377134,11.937567080722296,0.8611790052339134,0.9014906506545519,True,True
304,景点_304,杭州,现代都市,3.4,2,6056,6.572229613638352,1.6361548861559114,0.6286630657419435,0.9903969027072924,True,True
305,景点_305,广州,现代都市,4.4,2,6046,6.622071484405659,19.09801085681735,0.5958592236522708,0.8029630977071236,True,True
306,景点_306,北京,休闲娱乐,5.0,2,5991,6.291945981970279,13.636291054744618,0.9969464835163657,0.7518541935420353,False,True
307,景点_307,深圳,自然风光,4.0,2,6011,9.486090560250657,2.378690051045451,0.3073455487979611,0.9392079315224808,False,True
308,景点_308,杭州,休闲娱乐,2.8,2,6005,8.556425865756582,1.4253995716929477,0.9265457021958721,0.9762583948422994,False,True
309,景点_309,西安,自然风光,4.4,2,5942,9.28819413998544,7.51909462198257,0.4043985781578162,0.8772684579512302,True,False
310,景点_310,北京,现代都市,5.0,3,5956,9.126439143050327,2.3571617262718556,0.8501476933462393,0.7227264648671439,False,True
311,景点_311,广州,现代都市,3.6,1,5904,8.10121794654438,15.394670381912327,0.7325520918924086,0.7961106996657202,True,True
312,景点_312,上海,休闲娱乐,2.3,1,6047,10.064840488940838,4.549507066207635,0.5392930998486645,0.8504676825089996,True,True
313,景点_313,南京,休闲娱乐,4.0,3,5920,10.551011285498344,20.524893251849353,0.9117124688647127,0.5971367855009007,False,True
314,景点_314,武汉,自然风光,4.1,2,6074,6.087769553266054,7.671940044051533,0.30903505958669436,0.7236005161082191,True,True
315,景点_315,成都,美食体验,3.7,1,5951,7.24345379861327,2.613722128143043,0.45868345645244657,0.9149106323586425,True,True
316,景点_316,武汉,自然风光,4.5,1,5894,10.279415208500021,2.2028525214257964,0.6968249573746752,0.8273626742492215,True,True
317,景点_317,广州,休闲娱乐,4.8,1,6062,8.319721035803006,7.873093475996378,0.5460795820347886,0.705602033605927,True,True
318,景点_318,苏州,艺术展览,4.5,4,6019,9.97490368164965,12.479965592454029,0.7272642467228293,0.8316812670073407,False,False
319,景点_319,苏州,休闲娱乐,3.9,2,6017,8.08177595840735,13.167960900566873,0.31687713538606677,0.55911120603623,True,True
320,景点_320,上海,艺术展览,5.0,4,5967,8.344530913977822,3.581030927868256,0.3815212513371987,0.7007488052824382,False,True
321,景点_321,成都,历史文化,2.9,2,5880,6.952073242138109,2.827729118645113,0.38896736815290744,0.8965642689815282,True,False
322,景点_322,西安,休闲娱乐,3.5,2,6075,7.54938611799696,1.1351862366587244,0.4324985521412066,0.610254393568324,True,False
323,景点_323,上海,历史文化,3.6,2,6013,9.632470545045523,10.095478056893091,0.6215320085603799,0.5929807537787088,True,True
324,景点_324,武汉,美食体验,3.9,2,6014,8.598978667890998,1.6372671586734193,0.8264900896804999,0.9754093299582157,False,True
325,景点_325,上海,自然风光,4.2,1,6148,10.64581609766757,5.368323634021716,0.9338771865502307,0.6049488147931154,True,False
326,景点_326,武汉,艺术展览,3.7,3,5975,11.115509729630055,8.364040076213886,0.8847607711989722,0.630459289825084,False,True
327,景点_327,北京,自然风光,3.1,3,6036,9.249878509300558,23.130810671746094,0.43782151024297844,0.984807969452169,True,True
328,景点_328,苏州,历史文化,4.8,2,6132,10.549603752336354,3.9894311260902646,0.6088053865614427,0.8673542851325129,True,True
329,景点_329,北京,艺术展览,3.8,4,6036,7.8414270791674205,3.2990266814398113,0.43958811843097445,0.849798266511764,True,True
330,景点_330,南京,自然风光,4.4,3,5947,8.48982729240047,9.494235877941902,0.4851302716670335,0.9264631919272907,False,True
331,景点_331,成都,休闲娱乐,4.4,2,5928,10.276666057300986,8.724667851673068,0.6524828870583202,0.5579115411183971,False,True
332,景点_332,西安,现代都市,4.2,1,5908,8.317271956902184,4.229051721771735,0.34767631730646575,0.8529781182900036,True,True
333,景点_333,武汉,历史文化,4.1,2,6150,9.531029610953933,22.06003634583146,0.4527220307152912,0.7518443046641194,True,True
334,景点_334,西安,自然风光,4.6,2,5995,7.112236674495069,15.907538772347532,0.9547647129149821,0.9145753201420699,True,True
335,景点_335,武汉,历史文化,4.0,1,6000,9.598627889822987,3.02864213287971,0.6262814048609422,0.7540708593325971,False,False
336,景点_336,广州,历史文化,4.2,1,6090,11.169082243361363,3.1864740158652616,0.6117705681845105,0.810120677134456,True,False
337,景点_337,上海,艺术展览,4.5,3,5899,11.211837838940554,6.744444220302573,0.3101970083258952,0.7388710631997679,False,True
338,景点_338,南京,艺术展览,4.7,1,6059,10.346066437977239,12.882629717389863,0.47317982294084204,0.739079461777922,False,True
339,景点_339,苏州,现代都市,4.1,2,6087,10.474520274456756,1.3603168374145702,0.9064047051875268,0.8839849890309157,True,True
340,景点_340,武汉,休闲娱乐,5.0,4,6010,9.347564670904205,10.455998669729713,0.4152398997810681,0.8142832003236415,False,True
341,景点_341,西安,历史文化,5.0,3,6046,9.508008540994949,9.358355928487791,0.5905874576743047,0.8166316008047052,True,True
342,景点_342,南京,自然风光,4.1,1,6091,6.8019034884631075,3.1063105313667694,0.3100316341069009,0.7251412419157629,True,True
343,景点_343,深圳,美食体验,3.7,3,6030,8.663155130527807,10.149371308315287,0.634834837169389,0.7655547481687638,True,False
344,景点_344,深圳,历史文化,3.2,1,6055,8.704657703318183,23.53174859824648,0.314714774708352,0.8728588331023936,True,True
345,景点_345,北京,历史文化,3.4,1,5979,11.75098701400644,1.3833254708733973,0.8737266871460598,0.9129704595559591,False,True
346,景点_346,苏州,现代都市,3.1,2,5906,8.586521175739737,4.0812074262661415,0.8773976372409724,0.848280701072023,True,True
347,景点_347,广州,休闲娱乐,3.9,2,6250,9.296055869416545,5.612543368021349,0.8514195318116589,0.9620364944228416,True,True
348,景点_348,西安,美食体验,3.3,2,6038,9.199508395674615,19.361727212420416,0.49835484822378273,0.9101620440736005,True,True
349,景点_349,上海,艺术展览,4.0,2,6016,9.820570302265963,27.216584565621055,0.8860660527552726,0.7809318949047592,True,True
350,景点_350,上海,艺术展览,3.7,1,6074,10.489396987991375,5.6975542727014625,0.6800986928236885,0.8357030363218685,True,True
351,景点_351,西安,自然风光,4.3,1,6009,7.350251257025233,12.091264129177146,0.5616656762069017,0.9631541384605979,True,False
352,景点_352,成都,美食体验,4.4,2,6039,9.172346514590615,7.068503496428225,0.737730971792963,0.8095840221215291,True,True
353,景点_353,广州,艺术展览,3.6,3,6115,10.955506243896183,7.173765280141497,0.3086387322422618,0.9124034739899154,False,False
354,景点_354,南京,自然风光,4.4,2,6044,8.778688283025069,3.606943856727694,0.4000726143205265,0.8444052517949936,False,True
355,景点_355,武汉,休闲娱乐,5.0,1,5965,7.670745278241438,2.956533635438485,0.8196054767191838,0.7759681805302332,True,True
356,景点_356,成都,自然风光,4.0,2,5950,9.928254452137795,3.717479007349051,0.4709131261013071,0.6209190977076766,False,True
357,景点_357,武汉,艺术展览,3.6,1,6095,10.942604374794737,7.501357957179437,0.7186063821301247,0.712998759734214,True,True
358,景点_358,武汉,现代都市,3.3,1,5979,6.378841757564348,1.2367091543165245,0.5695718219761208,0.9838714124168578,True,True
359,景点_359,成都,现代都市,3.8,3,5991,10.660742900443363,20.022689567658148,0.898364045159483,0.8288826916363,True,True
360,景点_360,北京,现代都市,3.6,1,5938,10.929887597770627,2.35951191721997,0.9666907141976504,0.7821976901694948,True,True
361,景点_361,深圳,艺术展览,2.9,1,6086,8.76913756553164,2.988600432465226,0.9184953098591333,0.9664783127641137,True,True
362,景点_362,武汉,现代都市,4.2,2,5875,11.899833940910804,6.843074474634011,0.48943399628551765,0.7932558905187244,False,True
363,景点_363,成都,美食体验,4.1,2,5973,10.720250044243855,10.90616144256277,0.4359140083322576,0.7630412592087015,True,True
364,景点_364,成都,休闲娱乐,4.1,2,5987,10.641975389373995,1.8050099623471056,0.6321044255345145,0.8796554275751026,False,True
365,景点_365,杭州,自然风光,5.0,1,5967,10.48703144647243,4.058224510015558,0.30513390558532616,0.8563328094932723,True,True
366,景点_366,北京,自然风光,3.8,1,5939,6.903648619309644,28.70660949502454,0.3180665750042272,0.5965800042042164,False,True
367,景点_367,苏州,艺术展览,3.0,1,6014,7.303385318718065,3.434210296280422,0.6873034477361,0.7356541372870606,True,False
368,景点_368,杭州,现代都市,3.8,1,6034,8.78394078878655,4.003951846256632,0.6643145829157001,0.7362577214097926,True,True
369,景点_369,杭州,现代都市,4.9,2,6096,7.584026099756795,15.487464455947649,0.9962073923246819,0.6891122576216724,True,True
370,景点_370,西安,历史文化,4.6,3,6009,8.491445834004242,1.4121522994759617,0.44128928475463064,0.7586467410761266,True,True
371,景点_371,深圳,休闲娱乐,4.6,3,6021,11.330784659537525,5.998125955239173,0.4806727504123279,0.7065536988635721,True,True
372,景点_372,成都,美食体验,3.8,3,5935,10.945961351275615,4.819342960395845,0.37947844962840066,0.5996727447355916,False,True
373,景点_373,深圳,自然风光,4.3,2,6107,9.780239270879893,4.045244525082488,0.9422801067576212,0.7061832436373405,True,False
374,景点_374,广州,历史文化,4.4,2,6140,11.148722365506622,3.691613347963269,0.8444678711209155,0.5361384737865883,False,False
375,景点_375,西安,历史文化,3.4,2,5995,10.702634334103495,1.766574608155034,0.8756373780197932,0.7878929313872058,True,True
376,景点_376,苏州,艺术展览,3.6,2,6035,8.573909591045343,4.024657674553859,0.9319346515751561,0.9268272744705559,False,True
377,景点_377,深圳,自然风光,4.9,2,6006,7.206390912299671,1.3520531704565428,0.6674299907080867,0.8626435421772776,True,True
378,景点_378,上海,艺术展览,3.3,1,6030,9.085206240056035,13.148148452702936,0.6158352340155065,0.6801970200270556,True,True
379,景点_379,武汉,美食体验,2.5,2,6061,10.4173732951713,5.063010404495711,0.5312740315659316,0.5435356027886541,False,True
380,景点_380,广州,历史文化,5.0,4,6048,8.618517592377557,5.6945122898768945,0.7124502300434988,0.6010746996126354,True,True
381,景点_381,北京,历史文化,4.6,1,6105,10.000631458703383,18.923990593126483,0.6179948777528756,0.7727451702474178,True,True
382,景点_382,苏州,休闲娱乐,3.6,1,5962,6.565964557746262,9.584842610949568,0.6160959106239026,0.6035285416915164,True,False
383,景点_383,广州,美食体验,3.6,2,6111,10.48802841822842,1.06473402763358,0.9558495046117972,0.7719865556424838,True,True
384,景点_384,武汉,历史文化,2.6,3,6029,10.876281719358373,23.942206349926877,0.988822059995391,0.6157995123819495,True,True
385,景点_385,西安,美食体验,4.0,2,6155,10.241027134683247,3.1654928403598417,0.8575390725307064,0.9244619347380364,False,False
386,景点_386,武汉,自然风光,5.0,2,6048,11.803581525158194,1.9108536929552398,0.8297306631728498,0.6986357364202298,True,True
387,景点_387,杭州,现代都市,3.4,1,5857,10.959912344763843,12.692564424139036,0.7763907132453709,0.6227753129722455,True,False
388,景点_388,武汉,历史文化,4.4,2,6040,11.41856236725923,6.552818145955639,0.4162523966334596,0.9061630901235308,True,True
389,景点_389,杭州,休闲娱乐,4.3,2,5999,11.601426500745887,5.5500473801846955,0.34137407461295816,0.6714194824027253,True,True
390,景点_390,西安,自然风光,4.6,3,5828,10.80808795124285,3.296157851400188,0.7835084205792842,0.5557438439193909,True,False
391,景点_391,南京,美食体验,3.6,2,5959,10.045553052038994,7.343236095982481,0.8101503555796032,0.7852047457018207,False,True
392,景点_392,杭州,艺术展览,3.5,1,5970,6.034311488164736,3.5658813100924394,0.33288109376869784,0.7907821022189944,True,True
393,景点_393,北京,自然风光,2.5,1,6130,8.794954519338749,19.548334234715117,0.9496362251601935,0.8573478376178671,False,True
394,景点_394,武汉,历史文化,3.0,1,6009,9.426973791734166,2.938656630944488,0.3637984476112743,0.6201097166041928,True,True
395,景点_395,武汉,美食体验,4.7,2,5992,7.8241816346879975,18.257851409195442,0.5001303736398417,0.7218856695461225,True,True
396,景点_396,北京,现代都市,2.8,1,6089,7.908626681420833,7.55704127276707,0.7706728689590931,0.6411839595213281,True,False
397,景点_397,上海,自然风光,3.6,2,6106,11.766956494260992,15.104822597235643,0.4189108160831334,0.540476868057844,True,False
398,景点_398,成都,历史文化,4.6,2,6005,11.350265191216476,10.981892858824693,0.33879112190957106,0.9383069135079458,True,False
399,景点_399,南京,休闲娱乐,4.2,1,6033,11.095074033010224,10.544133972029659,0.5318025424149049,0.8644349022441706,True,True
400,景点_400,苏州,艺术展览,4.1,1,6028,8.436070810236664,4.136591069361522,0.8361801023986253,0.6507315297294003,False,True
401,景点_401,杭州,美食体验,3.1,1,5981,6.082191302453487,3.1315085126345474,0.5895750752896822,0.7996864964359931,True,True
402,景点_402,北京,自然风光,5.0,3,6004,6.4813334787342844,2.894758163268831,0.7570810453355574,0.6006318940672362,False,False
403,景点_403,西安,自然风光,3.0,1,5992,7.873178209305622,16.57001445464644,0.7057333680596956,0.9451183108978854,True,True
404,景点_404,杭州,现代都市,4.1,2,5925,6.094457477974062,14.73737974044897,0.3155529374179063,0.5574531716809552,False,True
405,景点_405,成都,现代都市,4.0,3,6076,6.1028986914911885,5.646745417800639,0.9919779909319946,0.5019185727539004,False,True
406,景点_406,西安,休闲娱乐,3.1,2,5970,11.499619809854465,2.136238540656927,0.3289996621735714,0.7510040988695911,True,True
407,景点_407,广州,艺术展览,3.9,3,5979,10.236951012714325,4.853400636569834,0.9774619163539395,0.7915639117264346,False,True
408,景点_408,武汉,休闲娱乐,4.1,2,6085,7.8537359404089155,8.726862118699302,0.6849049248550787,0.7894826601479021,True,False
409,景点_409,广州,历史文化,3.6,4,5960,6.795867465605719,5.846999633128531,0.9742113189455466,0.5272559637189131,False,False
410,景点_410,杭州,历史文化,4.5,1,5992,9.069814307370462,13.119907313570057,0.3803275195896848,0.6570219034592162,True,True
411,景点_411,成都,休闲娱乐,3.6,1,6085,6.032076965126187,49.33473051879476,0.6432859634298592,0.7495994734206659,True,True
412,景点_412,南京,艺术展览,3.0,2,6078,11.630482463148864,2.6969571918871376,0.41865286430624105,0.6082895928136205,False,False
413,景点_413,杭州,休闲娱乐,2.9,4,5975,8.488890716333684,5.924317745112248,0.3356824139157097,0.9363129427429482,True,True
414,景点_414,北京,艺术展览,4.4,3,6068,8.414009731423997,5.5107724270157314,0.732270380543618,0.543554644730717,True,True
415,景点_415,深圳,艺术展览,2.7,1,6069,8.343561645490693,3.904908249234225,0.445448394673184,0.7436922208360215,False,True
416,景点_416,杭州,美食体验,4.3,1,6003,6.4159699823265885,2.766126210906764,0.7113879128012821,0.845708028756576,True,True
417,景点_417,武汉,艺术展览,4.5,4,5947,9.82993343875096,1.543594042718683,0.3786551373642899,0.6308755500672412,True,True
418,景点_418,武汉,现代都市,3.0,1,5980,10.39802171777012,18.451391382114615,0.5323905300028919,0.812120368498759,True,True
419,景点_419,杭州,艺术展览,4.8,3,6170,10.056752385529741,5.355730747225863,0.847142790637273,0.9146925750711873,True,True
420,景点_420,西安,艺术展览,2.7,3,6002,6.830612959976365,6.495659310022565,0.6059360652895314,0.5951684875475238,False,True
421,景点_421,深圳,艺术展览,3.8,2,6028,9.473041008213556,20.905733603016383,0.7394217904281355,0.9586102959124314,True,False
422,景点_422,北京,历史文化,4.1,2,5790,9.416906905033523,12.979254746333453,0.7532205585218821,0.776779266331179,True,False
423,景点_423,杭州,现代都市,3.9,2,5989,11.210464727648292,2.11870719226125,0.8906285307911055,0.6496160021505303,True,False
424,景点_424,西安,现代都市,2.9,1,5977,8.274765950253883,7.667001256079387,0.5274459560846488,0.7154291376911354,False,True
425,景点_425,武汉,休闲娱乐,3.5,3,5983,8.228915661956606,5.670788218325286,0.7811068938077623,0.656095941893194,True,True
426,景点_426,武汉,美食体验,5.0,2,6109,9.711162352309113,13.764716858162172,0.9731310649323159,0.862555579966658,True,True
427,景点_427,成都,艺术展览,5.0,3,6248,9.798435920997079,11.305578657862352,0.8111703340505076,0.8981503317075661,False,False
428,景点_428,杭州,自然风光,4.3,1,6080,8.815711363954742,10.379940952498094,0.6429093337024212,0.9164686961593305,True,True
429,景点_429,深圳,美食体验,4.7,4,5916,8.658356173982526,4.330730345473226,0.7415022111443504,0.9928841247928706,True,True
430,景点_430,上海,美食体验,4.9,2,5940,8.964886023827296,14.076557918090591,0.8177780284341756,0.8956421462483417,True,True
431,景点_431,深圳,现代都市,3.2,1,6046,11.16627179701987,1.4305089680151666,0.7285930359857107,0.8006920353442817,True,True
432,景点_432,武汉,美食体验,3.9,1,5985,8.767001407523459,2.391255527221175,0.3116730694428874,0.6696101491958919,True,True
433,景点_433,武汉,艺术展览,3.0,3,6080,11.639590751818934,4.271247443363975,0.43634144838105804,0.7722977243553747,True,False
434,景点_434,广州,艺术展览,3.5,2,5986,9.024022581577956,1.6393395467559584,0.8673277520508262,0.5205340863952027,False,False
435,景点_435,武汉,历史文化,5.0,3,6082,11.695204159085348,3.142975718694164,0.49085545311873924,0.8724125377649565,True,True
436,景点_436,北京,艺术展览,3.5,1,6057,10.996991411214454,15.182762974716459,0.8120934836927938,0.7229777725460509,False,False
437,景点_437,苏州,艺术展览,4.4,1,6101,8.174587935694975,24.69088450422804,0.5604841506691891,0.5100116148660938,True,True
438,景点_438,杭州,现代都市,4.4,2,5934,11.181848527779696,3.9061715765402987,0.6653190297105602,0.5312534707552055,False,True
439,景点_439,深圳,艺术展览,2.6,2,5957,6.660379705206691,3.4578098126387853,0.3475813098735826,0.6937332319108783,False,True
440,景点_440,苏州,历史文化,3.2,2,5972,11.550283052058088,3.626839871866178,0.4268578927347967,0.7917107595092175,True,True
441,景点_441,西安,自然风光,4.9,4,6096,9.78986109049735,3.6027291205462286,0.9700378744634641,0.7321019744760633,True,True
442,景点_442,上海,现代都市,4.6,4,5890,6.326344491133867,1.2927324950070274,0.9230966374128398,0.8096021586460774,True,False
443,景点_443,北京,自然风光,4.0,4,6060,9.865540341904868,21.9292044260226,0.7565925776293352,0.7401471293956778,False,True
444,景点_444,深圳,现代都市,4.1,3,6075,11.845485924868537,2.923316131801786,0.6217512181700161,0.8308519227406734,False,True
445,景点_445,苏州,休闲娱乐,4.2,2,5993,6.418803927687773,5.357873597957014,0.7730329050266567,0.6095630323354004,True,True
446,景点_446,上海,美食体验,5.0,2,5956,9.328126258680518,1.0778728463989384,0.7330272023657572,0.5564215935918106,True,False
447,景点_447,广州,休闲娱乐,4.7,2,5978,10.486766098556235,16.612896081754613,0.6979865789232285,0.79821697731283,True,True
448,景点_448,北京,艺术展览,5.0,3,6006,10.861551520197189,11.509031953112684,0.34142395030447925,0.7423447584681537,False,True
449,景点_449,北京,自然风光,4.2,1,5858,8.482964791924775,24.462966539288363,0.7429618274630547,0.5134338270224676,True,True
450,景点_450,广州,艺术展览,3.8,2,6047,7.224999355009458,13.171983304516461,0.8382440311998178,0.6902409427465179,True,True
451,景点_451,杭州,美食体验,4.1,1,5934,6.254053672634303,4.011599342002261,0.9958571582519029,0.5530627927454977,True,True
452,景点_452,广州,现代都市,4.3,2,5987,9.478356942583348,3.278804506117933,0.30775498681601676,0.7656784158763477,True,True
453,景点_453,北京,美食体验,4.9,3,5843,8.717466421605664,10.571114588679684,0.8111214173174737,0.6978888398302154,False,True
454,景点_454,北京,历史文化,5.0,3,5960,11.692466370898266,4.62187240451057,0.7002525211551863,0.806575955551509,True,True
455,景点_455,苏州,美食体验,4.3,1,6029,6.363629446289458,7.681650365185234,0.6038365232566696,0.9028011093851191,True,False
456,景点_456,武汉,历史文化,4.0,4,6056,10.112372060676034,1.0502170484473112,0.3892991221999596,0.6498343419207454,True,True
457,景点_457,上海,美食体验,5.0,2,6105,6.149797332720343,1.5110678734424263,0.5863596040444133,0.9810510520825138,True,True
458,景点_458,广州,历史文化,4.6,1,5947,7.028605060263256,7.132075663788727,0.5480640280902946,0.7678172502937872,True,False
459,景点_459,上海,自然风光,3.6,1,5906,8.721473999537004,7.679006739932318,0.5119809222851195,0.809145399377394,False,True
460,景点_460,广州,艺术展览,4.7,1,5938,8.729234656817209,12.136984744471803,0.8116157363255454,0.8403361866128685,False,False
461,景点_461,西安,艺术展览,4.6,1,6008,10.114203257601863,2.1321888861573295,0.7905078648989846,0.8333657649287949,True,True
462,景点_462,北京,休闲娱乐,3.7,4,5976,11.46127820920654,6.75893734871332,0.7123140636866381,0.755485371522531,True,True
463,景点_463,武汉,艺术展览,5.0,2,6055,9.834192953489525,2.729816647003874,0.9570653693053606,0.7143821455573418,False,True
464,景点_464,苏州,现代都市,5.0,3,5951,11.721210587109052,1.7826326487450883,0.5448980689265981,0.5268909820886889,True,False
465,景点_465,武汉,美食体验,4.5,2,5951,11.289693839267986,5.227787394182678,0.4706613563971257,0.5110429226505899,True,True
466,景点_466,武汉,休闲娱乐,3.4,1,5996,9.50699877318474,2.426667979133571,0.7591323191688797,0.6789805972663823,False,True
467,景点_467,武汉,现代都市,3.7,2,6159,11.002751705512964,3.005988483007239,0.43916984265618203,0.6668304453168463,False,False
468,景点_468,上海,现代都市,2.3,1,5908,9.855465661941803,4.056581805004784,0.5205073550283972,0.6938475774195034,False,True
469,景点_469,广州,历史文化,4.8,2,6062,6.471346985542363,3.4022315892224984,0.45722170805241935,0.569184100444095,False,True
470,景点_470,南京,艺术展览,4.0,4,5990,10.44338833955706,1.7333380038619437,0.34840749740295085,0.8690841352684218,False,True
471,景点_471,西安,自然风光,3.0,2,5927,6.569450647604077,1.7537491607265845,0.8792491191449714,0.9284822073881195,True,True
472,景点_472,深圳,自然风光,4.3,2,6068,9.564496683418275,2.717925785671107,0.4781783800451628,0.9693573176870175,True,True
473,景点_473,武汉,休闲娱乐,3.0,1,5906,10.215841235149373,1.4150566927715678,0.6311192523401145,0.7461811517598129,True,True
474,景点_474,杭州,自然风光,4.7,1,5968,6.399165649265131,8.877777652295954,0.33032069127801833,0.8504328495627143,True,True
475,景点_475,上海,美食体验,3.5,1,5843,7.38476792355919,3.7098575320724976,0.7895376263768501,0.9277755617179362,True,True
476,景点_476,苏州,自然风光,5.0,2,5937,11.4940333935699,3.6252104532505296,0.5313927016144036,0.709145555546743,True,False
477,景点_477,深圳,休闲娱乐,3.6,1,5919,9.69788695339738,4.227716415299775,0.8213157094804469,0.6547063974352222,True,False
478,景点_478,南京,自然风光,3.4,2,6057,7.47771611286319,9.696544029722919,0.5886821423275063,0.9683622779267451,True,True
479,景点_479,杭州,美食体验,3.7,2,5987,10.144078626888039,17.360870131733737,0.4370289244839372,0.7578382755385366,True,False
480,景点_480,南京,历史文化,3.2,2,5961,9.580658519770138,12.386553012509173,0.6592225575974251,0.748626943295439,True,True
481,景点_481,深圳,休闲娱乐,4.4,1,6001,9.00945419950769,11.401791500107393,0.39135319174620786,0.5892080482817479,True,True
482,景点_482,武汉,历史文化,3.9,1,6111,11.857121849928502,6.299255301136548,0.6083774119110963,0.5540775072866784,False,True
483,景点_483,杭州,历史文化,4.8,4,6062,10.100722664445053,10.468279552687285,0.5221138341943405,0.9210534312417558,True,True
484,景点_484,南京,历史文化,3.7,2,6066,8.252646658007476,7.437321683907493,0.9383717089397432,0.8070665880937591,True,True
485,景点_485,苏州,现代都市,5.0,2,6081,10.800440592461207,2.9493268876595167,0.34265010520450395,0.6629122920097243,False,False
486,景点_486,广州,艺术展览,4.1,1,6012,11.307499757527125,2.8714964144647235,0.7858121898740194,0.5958681086951332,True,True
487,景点_487,北京,现代都市,4.4,4,6043,6.751323357100988,3.812271246865566,0.4279258161912051,0.7777486400848157,True,False
488,景点_488,广州,艺术展览,5.0,2,6008,7.203317867071599,20.335233467618114,0.5233315520325679,0.7919596446305677,True,True
489,景点_489,深圳,历史文化,4.6,2,5960,7.297362054766678,7.342234683946675,0.5908598441434461,0.6034968006225291,True,True
490,景点_490,上海,休闲娱乐,5.0,3,5903,10.147270856319242,11.59122646319113,0.935610562562482,0.9257028739457369,False,True
491,景点_491,北京,艺术展览,3.8,1,5940,9.618237330319701,4.40402132414064,0.4698047862516776,0.5421321830779255,True,True
492,景点_492,西安,美食体验,3.9,2,6070,9.71394938819153,5.190149137583408,0.3639161617812691,0.6780465425832108,True,True
493,景点_493,苏州,美食体验,5.0,2,6025,11.644639798137007,2.073423817605712,0.5230827227933665,0.8401922068812611,True,True
494,景点_494,西安,自然风光,2.6,1,6072,10.655469196843836,2.503127893617192,0.3732731793748733,0.6370601819096003,True,True
495,景点_495,杭州,艺术展览,5.0,4,5869,6.767621547070699,15.052214574760926,0.39001754017238677,0.9138375973906359,True,True
496,景点_496,北京,休闲娱乐,4.4,3,6137,8.085042494551086,8.032703960207607,0.7016954185825186,0.8699339133002018,True,True
497,景点_497,西安,现代都市,3.7,2,5946,8.612361877054415,4.294269819441604,0.3426313531696453,0.8945114222740671,True,True
498,景点_498,西安,历史文化,2.6,1,5929,8.375769532485629,13.990372408329756,0.3216516169754962,0.5595532679383581,True,False
499,景点_499,南京,自然风光,3.2,1,5978,10.015851654971275,3.2644214306655512,0.8000898710293485,0.5702735639977714,True,True
500,景点_500,广州,美食体验,1.8,2,5982,11.351358619539376,30.848518554215048,0.5531529663887311,0.6432368688722918,True,True
