review_id,attraction_id,user_id,rating,visit_date,review_text
1,103,159,4,2024-09-02,这个地方满意，漂亮。
2,436,152,2,2024-09-29,这个地方不推荐，不推荐，不推荐。
3,349,995,4,2025-06-30,这个地方很好，值得，满意。
4,271,620,5,2025-02-16,这个地方喜欢，漂亮。
5,107,188,4,2025-05-02,这个地方值得，漂亮。
6,72,813,2,2025-01-29,这个地方排队，人多，不推荐。
7,189,98,5,2025-05-02,这个地方很好，漂亮，很好。
8,21,131,3,2024-11-09,这个地方还行，还行。
9,103,805,3,2024-11-29,这个地方还行，一般般，凑合。
10,122,171,3,2025-04-30,这个地方凑合，凑合，普通。
11,467,936,3,2025-07-28,这个地方可以，普通。
12,215,986,5,2024-10-24,这个地方推荐，推荐。
13,331,183,4,2024-10-14,这个地方不错，漂亮，值得。
14,459,983,3,2025-02-26,这个地方一般般，还行，还行。
15,88,364,5,2024-09-19,这个地方值得，漂亮。
16,373,39,5,2025-02-02,这个地方不错，很好。
17,100,527,5,2025-08-04,这个地方满意，值得。
18,360,888,3,2025-02-02,这个地方普通，一般般。
19,152,497,4,2024-11-06,这个地方推荐，满意，喜欢。
20,131,516,5,2025-02-15,这个地方不错，不错。
21,150,349,5,2024-10-15,这个地方不错，推荐，喜欢。
22,309,982,1,2025-03-25,这个地方人多，差。
23,258,921,2,2024-10-04,这个地方失望，排队。
24,344,397,4,2025-02-15,这个地方喜欢，漂亮。
25,492,722,5,2025-07-17,这个地方不错，不错。
26,414,161,4,2025-05-24,这个地方很好，漂亮，喜欢。
27,294,16,4,2025-03-03,这个地方很好，值得。
28,386,493,2,2024-11-05,这个地方排队，人多。
29,192,426,4,2024-11-08,这个地方推荐，满意。
30,444,108,5,2025-05-12,这个地方满意，不错，满意。
31,277,894,3,2024-11-23,这个地方还行，凑合，还行。
32,161,450,5,2024-10-22,这个地方值得，很好。
33,460,311,5,2024-10-24,这个地方很好，满意，不错。
34,314,739,3,2025-01-03,这个地方一般般，可以。
35,22,170,4,2024-09-17,这个地方满意，值得，值得。
36,253,546,3,2024-08-20,这个地方普通，可以，可以。
37,236,414,5,2025-07-05,这个地方漂亮，不错。
38,345,251,4,2024-10-17,这个地方很好，满意。
39,49,759,4,2024-12-13,这个地方推荐，不错，漂亮。
40,475,781,5,2025-01-20,这个地方满意，值得，很好。
41,59,141,3,2024-12-22,这个地方普通，一般般，凑合。
42,170,274,5,2025-07-25,这个地方喜欢，值得。
43,476,416,4,2025-02-12,这个地方值得，推荐，满意。
44,188,608,3,2024-12-17,这个地方一般般，普通，可以。
45,464,739,4,2024-08-18,这个地方喜欢，不错，喜欢。
46,271,891,5,2024-11-06,这个地方推荐，满意。
47,190,39,3,2025-07-06,这个地方凑合，可以。
48,446,814,5,2024-09-14,这个地方喜欢，不错。
49,175,29,5,2025-03-07,这个地方喜欢，推荐，很好。
50,446,958,3,2025-03-09,这个地方一般般，一般般，可以。
51,51,477,5,2025-05-19,这个地方喜欢，漂亮。
52,364,318,2,2024-09-28,这个地方不推荐，人多，太贵。
53,55,245,3,2025-08-04,这个地方还行，可以。
54,244,748,3,2025-06-04,这个地方普通，还行。
55,320,697,5,2025-06-01,这个地方喜欢，喜欢。
56,131,272,4,2024-09-04,这个地方满意，不错，推荐。
57,485,440,3,2025-01-27,这个地方普通，可以，普通。
58,307,748,4,2025-08-06,这个地方喜欢，推荐。
59,135,239,4,2024-08-29,这个地方喜欢，漂亮。
60,21,377,2,2025-01-02,这个地方一般，一般。
61,329,266,5,2025-02-21,这个地方满意，漂亮。
62,167,926,5,2024-11-13,这个地方喜欢，推荐。
63,274,921,4,2025-07-08,这个地方不错，满意，漂亮。
64,388,359,5,2025-06-17,这个地方不错，值得。
65,89,340,4,2025-06-11,这个地方不错，不错。
66,316,389,5,2024-09-29,这个地方满意，值得，喜欢。
67,14,577,4,2025-04-14,这个地方不错，漂亮，漂亮。
68,242,990,4,2025-03-05,这个地方值得，很好，喜欢。
69,265,689,3,2025-03-10,这个地方还行，普通，可以。
70,346,3,5,2025-06-20,这个地方满意，不错。
71,53,429,4,2025-05-30,这个地方值得，值得。
72,386,142,3,2025-02-03,这个地方凑合，可以，一般般。
73,340,376,1,2024-11-04,这个地方差，不推荐，一般。
74,92,670,4,2025-08-01,这个地方值得，推荐，漂亮。
75,367,324,4,2025-08-04,这个地方喜欢，值得。
76,444,146,4,2025-05-07,这个地方喜欢，推荐，值得。
77,455,958,5,2025-03-13,这个地方满意，推荐，满意。
78,428,293,2,2024-09-10,这个地方失望，排队，不推荐。
79,264,665,4,2025-04-13,这个地方满意，很好，推荐。
80,431,432,3,2024-08-22,这个地方还行，一般般，一般般。
81,35,705,5,2024-11-09,这个地方推荐，满意，喜欢。
82,206,949,5,2025-04-28,这个地方漂亮，不错。
83,81,975,4,2024-09-16,这个地方喜欢，不错，很好。
84,420,585,4,2024-08-24,这个地方很好，喜欢。
85,50,399,3,2025-03-23,这个地方可以，可以，一般般。
86,360,817,4,2025-01-12,这个地方漂亮，漂亮，值得。
87,388,889,5,2025-03-07,这个地方值得，满意，喜欢。
88,2,344,4,2025-04-10,这个地方很好，值得。
89,390,964,3,2024-10-06,这个地方凑合，一般般，还行。
90,54,140,4,2024-09-18,这个地方很好，很好。
91,106,187,5,2025-03-19,这个地方推荐，值得。
92,260,805,3,2025-07-11,这个地方一般般，普通，还行。
93,310,61,3,2025-02-24,这个地方凑合，凑合。
94,477,997,4,2025-07-25,这个地方喜欢，值得，值得。
95,191,939,5,2025-01-22,这个地方喜欢，不错，漂亮。
96,402,380,2,2025-04-11,这个地方不推荐，失望。
97,218,710,3,2024-09-14,这个地方可以，还行，还行。
98,44,807,2,2024-08-25,这个地方不推荐，一般。
99,162,440,3,2025-01-11,这个地方可以，可以。
100,202,319,4,2025-05-12,这个地方很好，满意，值得。
101,446,302,4,2025-03-05,这个地方满意，值得。
102,484,344,4,2025-03-21,这个地方满意，值得，不错。
103,270,11,4,2025-07-29,这个地方不错，不错，喜欢。
104,351,62,3,2024-10-26,这个地方凑合，一般般，凑合。
105,304,845,5,2025-02-02,这个地方漂亮，很好。
106,271,226,4,2025-03-18,这个地方很好，推荐。
107,456,153,5,2024-08-16,这个地方值得，漂亮。
108,462,711,4,2025-04-15,这个地方满意，很好。
109,215,564,2,2025-02-10,这个地方不推荐，排队。
110,252,772,4,2025-03-20,这个地方推荐，满意。
111,190,571,3,2025-05-04,这个地方凑合，一般般，可以。
112,296,584,4,2024-12-16,这个地方很好，喜欢。
113,213,660,2,2024-12-28,这个地方不推荐，太贵，太贵。
114,208,861,3,2025-01-22,这个地方普通，还行，普通。
115,237,575,5,2025-01-30,这个地方喜欢，喜欢，很好。
116,338,310,3,2024-09-13,这个地方普通，还行，可以。
117,367,885,5,2025-05-21,这个地方漂亮，推荐。
118,53,243,3,2025-03-27,这个地方普通，一般般。
119,280,493,4,2024-10-03,这个地方推荐，不错，不错。
120,410,366,4,2025-01-29,这个地方很好，不错。
121,217,330,4,2025-07-01,这个地方喜欢，喜欢，推荐。
122,252,107,3,2024-11-01,这个地方普通，凑合。
123,188,226,3,2025-08-01,这个地方还行，可以。
124,380,825,1,2025-07-03,这个地方人多，差。
125,493,218,3,2025-02-28,这个地方还行，凑合，凑合。
126,41,937,4,2024-10-10,这个地方值得，漂亮，漂亮。
127,157,753,5,2025-07-03,这个地方很好，漂亮。
128,15,506,5,2025-05-10,这个地方推荐，满意，满意。
129,301,259,5,2024-11-28,这个地方很好，喜欢，很好。
130,65,888,5,2025-04-29,这个地方不错，推荐，很好。
131,345,774,4,2024-11-06,这个地方推荐，满意。
132,327,517,3,2024-09-07,这个地方普通，一般般，凑合。
133,9,773,5,2025-05-04,这个地方值得，漂亮。
134,344,54,4,2024-12-03,这个地方漂亮，漂亮，漂亮。
135,129,47,4,2025-01-22,这个地方不错，不错。
136,492,727,2,2024-09-15,这个地方一般，失望，排队。
137,136,689,4,2025-07-04,这个地方值得，漂亮，漂亮。
138,472,521,4,2024-08-28,这个地方喜欢，喜欢。
139,63,99,5,2024-12-14,这个地方满意，不错。
140,139,20,4,2024-11-02,这个地方很好，漂亮。
141,499,890,3,2024-08-26,这个地方普通，还行。
142,81,753,5,2024-11-16,这个地方满意，很好。
143,392,573,2,2025-05-25,这个地方失望，太贵。
144,163,891,4,2025-04-28,这个地方满意，满意，推荐。
145,419,490,1,2025-02-07,这个地方不推荐，失望。
146,289,419,4,2024-11-01,这个地方不错，喜欢。
147,379,690,5,2024-12-08,这个地方漂亮，不错。
148,261,850,3,2025-01-16,这个地方还行，普通。
149,490,62,5,2024-10-29,这个地方值得，不错。
150,231,145,3,2025-04-05,这个地方凑合，凑合，一般般。
151,41,216,5,2025-01-27,这个地方满意，喜欢。
152,28,3,5,2024-11-04,这个地方推荐，值得，很好。
153,135,160,5,2024-09-24,这个地方不错，不错，推荐。
154,201,739,1,2025-05-13,这个地方人多，人多。
155,328,998,5,2024-11-11,这个地方很好，很好，很好。
156,268,781,4,2024-09-25,这个地方漂亮，不错，很好。
157,418,120,3,2025-01-09,这个地方还行，一般般，一般般。
158,33,893,5,2025-05-19,这个地方满意，很好，喜欢。
159,48,89,3,2025-06-05,这个地方可以，一般般，一般般。
160,407,329,5,2024-12-12,这个地方不错，不错，很好。
161,62,580,2,2025-04-09,这个地方太贵，差。
162,216,910,4,2025-01-16,这个地方推荐，满意，推荐。
163,293,357,4,2024-09-07,这个地方不错，满意。
164,99,610,2,2025-05-12,这个地方排队，人多，失望。
165,172,267,3,2025-06-02,这个地方可以，凑合，可以。
166,360,617,1,2025-06-23,这个地方一般，一般，排队。
167,214,952,4,2024-09-06,这个地方漂亮，喜欢。
168,475,323,3,2025-06-23,这个地方还行，凑合，凑合。
169,35,635,4,2025-01-10,这个地方漂亮，不错。
170,449,988,3,2025-07-31,这个地方一般般，一般般，一般般。
171,227,541,3,2025-05-09,这个地方可以，还行。
172,101,649,4,2025-07-27,这个地方推荐，满意，不错。
173,431,195,1,2025-07-01,这个地方人多，不推荐，失望。
174,462,921,5,2025-02-04,这个地方值得，满意。
175,131,738,5,2025-06-19,这个地方不错，不错。
176,257,332,4,2025-04-27,这个地方推荐，满意，漂亮。
177,5,170,4,2025-04-09,这个地方推荐，值得。
178,218,521,5,2024-09-13,这个地方漂亮，推荐。
179,255,463,3,2025-02-03,这个地方还行，可以。
180,398,40,2,2024-09-10,这个地方排队，一般。
181,359,537,3,2024-09-24,这个地方凑合，可以，可以。
182,283,261,5,2025-08-08,这个地方满意，值得。
183,393,395,1,2025-07-18,这个地方失望，太贵，失望。
184,207,955,4,2025-04-26,这个地方推荐，喜欢，很好。
185,15,226,5,2025-03-08,这个地方值得，满意，喜欢。
186,346,984,5,2025-04-07,这个地方满意，满意。
187,42,124,4,2025-02-09,这个地方推荐，值得。
188,380,975,2,2025-03-06,这个地方失望，一般。
189,461,38,5,2025-01-31,这个地方值得，满意，推荐。
190,179,328,4,2024-08-17,这个地方不错，很好，不错。
191,63,251,2,2025-01-24,这个地方一般，太贵，失望。
192,352,901,2,2025-01-16,这个地方差，失望。
193,231,176,5,2025-04-29,这个地方不错，值得，漂亮。
194,241,602,4,2024-11-13,这个地方漂亮，满意，漂亮。
195,52,914,5,2025-06-04,这个地方值得，推荐，满意。
196,96,454,5,2025-03-02,这个地方推荐，喜欢，值得。
197,388,37,4,2024-11-29,这个地方满意，不错，很好。
198,222,316,4,2024-12-16,这个地方很好，推荐。
199,485,688,4,2024-11-14,这个地方很好，推荐，值得。
200,407,973,3,2025-05-06,这个地方普通，普通。
201,231,796,4,2025-02-24,这个地方不错，推荐，满意。
202,237,965,5,2025-02-26,这个地方不错，不错。
203,143,973,4,2025-03-28,这个地方喜欢，漂亮。
204,171,593,5,2025-02-09,这个地方很好，推荐。
205,29,114,4,2025-05-22,这个地方推荐，很好。
206,36,40,4,2025-06-25,这个地方喜欢，喜欢。
207,13,301,4,2025-04-27,这个地方漂亮，值得，不错。
208,160,224,4,2024-08-16,这个地方值得，值得，很好。
209,327,318,4,2024-09-08,这个地方值得，满意，喜欢。
210,187,349,3,2025-07-04,这个地方凑合，还行。
211,243,115,4,2025-01-17,这个地方喜欢，很好。
212,86,698,2,2025-01-28,这个地方失望，失望。
213,284,323,3,2024-10-22,这个地方可以，一般般。
214,66,568,4,2024-09-04,这个地方很好，不错。
215,170,40,4,2024-12-19,这个地方很好，很好，满意。
216,45,866,5,2025-04-23,这个地方很好，满意，满意。
217,62,40,4,2025-07-21,这个地方满意，不错，不错。
218,441,859,4,2024-10-21,这个地方很好，漂亮。
219,134,973,4,2025-05-31,这个地方很好，喜欢，满意。
220,284,749,4,2025-04-01,这个地方不错，满意。
221,28,289,2,2025-07-27,这个地方排队，排队，排队。
222,108,262,3,2025-01-17,这个地方凑合，普通，普通。
223,44,216,3,2024-12-19,这个地方可以，还行。
224,340,147,4,2025-07-08,这个地方值得，很好。
225,286,336,1,2024-11-21,这个地方人多，差，不推荐。
226,446,168,2,2025-01-21,这个地方差，太贵。
227,331,92,3,2024-11-22,这个地方还行，一般般，可以。
228,128,353,5,2025-03-15,这个地方不错，不错。
229,348,571,3,2025-07-05,这个地方普通，可以。
230,473,571,4,2025-08-05,这个地方推荐，满意，喜欢。
231,231,816,3,2024-10-26,这个地方还行，普通，普通。
232,190,681,4,2025-05-10,这个地方喜欢，很好，漂亮。
233,225,781,3,2024-11-14,这个地方一般般，普通，普通。
234,385,363,3,2024-12-29,这个地方凑合，一般般。
235,377,557,4,2025-01-08,这个地方推荐，漂亮。
236,283,345,1,2025-06-12,这个地方人多，失望。
237,446,693,1,2024-08-26,这个地方人多，一般，失望。
238,121,170,3,2024-12-27,这个地方一般般，普通。
239,116,356,1,2024-09-22,这个地方太贵，不推荐，差。
240,461,191,2,2025-06-25,这个地方排队，人多，不推荐。
241,233,667,3,2024-11-26,这个地方凑合，可以，还行。
242,259,422,5,2024-11-22,这个地方不错，很好。
243,359,700,4,2024-08-22,这个地方推荐，不错，喜欢。
244,198,7,4,2024-10-03,这个地方满意，喜欢，推荐。
245,456,133,3,2024-09-26,这个地方可以，一般般，普通。
246,411,747,5,2025-03-15,这个地方满意，很好，很好。
247,137,557,3,2024-08-23,这个地方普通，可以。
248,318,826,2,2025-03-29,这个地方一般，排队，差。
249,165,761,4,2025-06-26,这个地方很好，很好。
250,225,31,2,2025-04-21,这个地方不推荐，失望。
251,307,535,3,2025-07-01,这个地方凑合，凑合。
252,234,426,4,2024-10-11,这个地方值得，很好，喜欢。
253,172,394,5,2025-05-20,这个地方不错，漂亮。
254,152,672,4,2025-01-20,这个地方漂亮，喜欢。
255,463,363,4,2024-11-20,这个地方不错，满意，满意。
256,315,437,5,2025-05-19,这个地方满意，值得。
257,374,670,2,2025-04-20,这个地方人多，不推荐。
258,160,551,3,2025-06-23,这个地方普通，普通。
259,96,927,3,2025-04-22,这个地方可以，还行。
260,472,82,4,2025-04-20,这个地方满意，满意。
261,233,356,4,2024-11-29,这个地方推荐，漂亮。
262,180,258,5,2025-06-02,这个地方喜欢，推荐，喜欢。
263,113,718,4,2024-10-15,这个地方不错，很好。
264,318,589,4,2025-08-09,这个地方推荐，不错。
265,497,989,3,2025-04-16,这个地方一般般，一般般。
266,442,524,5,2025-08-05,这个地方值得，漂亮，值得。
267,52,295,5,2024-09-02,这个地方值得，漂亮。
268,268,962,5,2025-01-13,这个地方值得，满意。
269,295,224,1,2024-11-10,这个地方失望，一般，失望。
270,386,525,4,2025-07-19,这个地方不错，满意。
271,387,46,2,2024-12-24,这个地方一般，不推荐。
272,113,667,3,2024-10-07,这个地方还行，普通。
273,101,113,2,2025-07-21,这个地方人多，不推荐。
274,113,233,4,2025-06-23,这个地方很好，很好，推荐。
275,440,17,4,2025-07-18,这个地方漂亮，满意。
276,81,360,2,2024-08-28,这个地方失望，排队。
277,187,223,3,2025-03-05,这个地方一般般，还行。
278,113,866,4,2024-11-19,这个地方满意，推荐。
279,2,700,3,2024-09-16,这个地方一般般，凑合，一般般。
280,130,448,2,2025-07-12,这个地方排队，一般，失望。
281,220,856,4,2024-11-03,这个地方漂亮，不错，漂亮。
282,54,365,5,2024-09-02,这个地方值得，值得，不错。
283,343,675,2,2024-11-16,这个地方一般，排队。
284,485,326,2,2025-01-20,这个地方排队，差，太贵。
285,224,467,3,2024-12-21,这个地方可以，可以。
286,225,414,5,2025-05-15,这个地方漂亮，推荐。
287,385,455,4,2025-02-24,这个地方不错，喜欢，漂亮。
288,403,586,4,2025-05-29,这个地方喜欢，值得。
289,126,233,3,2025-04-28,这个地方还行，可以，可以。
290,130,224,4,2025-01-11,这个地方不错，喜欢。
291,53,994,1,2024-08-23,这个地方失望，人多，太贵。
292,172,831,4,2025-05-02,这个地方推荐，不错。
293,218,412,5,2025-06-30,这个地方值得，喜欢，值得。
294,160,572,4,2025-02-16,这个地方喜欢，很好，很好。
295,198,335,5,2025-06-13,这个地方值得，很好。
296,416,222,4,2024-12-13,这个地方很好，推荐。
297,247,37,2,2024-12-15,这个地方失望，排队。
298,324,989,5,2024-09-30,这个地方漂亮，满意。
299,439,278,2,2025-05-21,这个地方人多，差。
300,203,196,4,2025-01-11,这个地方值得，不错，喜欢。
301,184,916,2,2025-08-09,这个地方排队，一般，差。
302,123,864,1,2024-11-11,这个地方失望，一般，一般。
303,401,484,4,2024-09-13,这个地方值得，满意，很好。
304,255,242,3,2025-01-18,这个地方普通，普通。
305,294,324,4,2025-02-28,这个地方值得，不错，漂亮。
306,280,731,4,2024-09-20,这个地方漂亮，不错。
307,325,192,1,2025-03-31,这个地方人多，不推荐，不推荐。
308,372,17,2,2024-10-14,这个地方失望，人多，人多。
309,98,524,4,2024-12-29,这个地方喜欢，很好，喜欢。
310,198,918,3,2024-10-12,这个地方普通，可以，凑合。
311,470,401,4,2025-03-08,这个地方很好，值得。
312,395,906,4,2025-08-15,这个地方推荐，漂亮，很好。
313,240,886,5,2024-12-23,这个地方很好，满意，推荐。
314,144,705,4,2025-02-09,这个地方很好，不错，很好。
315,97,22,4,2025-08-12,这个地方值得，值得，满意。
316,201,474,4,2025-04-06,这个地方漂亮，满意。
317,124,120,3,2025-01-10,这个地方还行，还行。
318,187,210,3,2024-11-29,这个地方一般般，可以。
319,326,306,5,2025-08-15,这个地方喜欢，值得。
320,464,270,4,2025-06-06,这个地方很好，满意，不错。
321,349,704,5,2025-02-19,这个地方喜欢，满意，喜欢。
322,259,687,5,2025-02-08,这个地方喜欢，推荐，喜欢。
323,148,285,5,2024-10-29,这个地方不错，很好。
324,252,716,5,2025-08-08,这个地方漂亮，不错，值得。
325,443,676,4,2024-12-06,这个地方满意，推荐。
326,420,763,3,2024-10-28,这个地方普通，凑合。
327,403,227,4,2024-12-15,这个地方满意，不错，值得。
328,346,948,3,2025-04-15,这个地方还行，凑合，普通。
329,451,381,4,2024-10-21,这个地方漂亮，满意，不错。
330,147,460,4,2024-11-06,这个地方推荐，满意，值得。
331,148,7,4,2025-07-15,这个地方推荐，推荐，喜欢。
332,352,29,3,2024-09-16,这个地方还行，凑合。
333,199,907,3,2025-03-23,这个地方普通，凑合，普通。
334,308,33,4,2025-03-13,这个地方值得，喜欢。
335,489,646,2,2025-07-31,这个地方失望，不推荐。
336,417,879,5,2024-08-26,这个地方漂亮，不错，漂亮。
337,424,79,3,2025-06-30,这个地方凑合，凑合。
338,128,928,3,2024-12-08,这个地方可以，普通，可以。
339,39,947,1,2025-02-10,这个地方不推荐，太贵。
340,338,459,4,2025-07-16,这个地方不错，推荐，值得。
341,360,570,4,2024-11-29,这个地方值得，不错。
342,129,983,3,2025-07-30,这个地方可以，可以。
343,267,538,2,2025-07-08,这个地方一般，不推荐。
344,476,482,4,2024-10-16,这个地方喜欢，漂亮。
345,441,430,3,2025-07-08,这个地方普通，一般般，凑合。
346,473,738,4,2025-04-06,这个地方喜欢，很好。
347,434,285,4,2025-07-17,这个地方不错，推荐。
348,151,516,3,2025-03-11,这个地方普通，一般般。
349,415,977,3,2024-11-11,这个地方凑合，凑合，可以。
350,478,99,5,2025-01-25,这个地方值得，值得。
351,298,397,4,2025-06-11,这个地方漂亮，满意，很好。
352,99,489,4,2025-04-30,这个地方推荐，推荐。
353,263,39,2,2024-11-21,这个地方人多，失望。
354,252,271,4,2025-01-06,这个地方很好，推荐，很好。
355,144,887,1,2024-10-28,这个地方一般，不推荐，差。
356,346,797,4,2025-07-29,这个地方满意，满意，满意。
357,112,157,5,2025-05-18,这个地方漂亮，漂亮。
358,500,75,3,2025-02-16,这个地方一般般，可以，可以。
359,60,884,1,2024-12-04,这个地方差，人多。
360,369,800,1,2024-12-06,这个地方差，排队。
361,2,130,3,2024-12-02,这个地方凑合，还行，普通。
362,385,687,3,2024-09-04,这个地方普通，可以，一般般。
363,304,974,1,2025-05-21,这个地方排队，失望，差。
364,254,84,5,2025-05-18,这个地方推荐，满意。
365,140,22,4,2024-12-22,这个地方很好，不错，漂亮。
366,453,459,3,2025-06-07,这个地方还行，普通，凑合。
367,37,539,5,2025-07-03,这个地方漂亮，喜欢，喜欢。
368,160,707,2,2025-01-28,这个地方失望，不推荐。
369,9,849,5,2025-03-17,这个地方不错，推荐，漂亮。
370,233,382,3,2025-05-22,这个地方可以，凑合。
371,99,748,5,2025-07-28,这个地方不错，满意。
372,147,440,4,2025-05-07,这个地方漂亮，不错，满意。
373,304,604,5,2025-05-13,这个地方值得，漂亮。
374,208,989,5,2024-12-05,这个地方漂亮，值得。
375,131,21,3,2024-08-24,这个地方还行，可以。
376,404,303,5,2025-07-17,这个地方喜欢，喜欢，喜欢。
377,152,976,3,2024-12-10,这个地方还行，一般般，可以。
378,54,869,3,2025-07-14,这个地方凑合，凑合。
379,120,955,3,2024-12-30,这个地方一般般，可以。
380,161,84,4,2025-08-04,这个地方漂亮，不错，不错。
381,408,774,3,2025-04-20,这个地方还行，凑合，一般般。
382,116,659,4,2024-08-31,这个地方漂亮，喜欢。
383,75,953,4,2025-03-14,这个地方不错，不错。
384,113,453,5,2024-12-13,这个地方推荐，漂亮，推荐。
385,456,387,5,2024-09-18,这个地方推荐，喜欢，喜欢。
386,420,507,4,2024-12-12,这个地方值得，喜欢。
387,422,257,3,2025-07-18,这个地方可以，可以，普通。
388,104,570,3,2025-03-08,这个地方还行，普通，可以。
389,340,892,3,2024-12-24,这个地方一般般，可以。
390,254,934,2,2025-02-07,这个地方太贵，排队。
391,227,527,3,2025-04-21,这个地方还行，普通，普通。
392,112,162,3,2024-11-18,这个地方可以，凑合，普通。
393,473,957,5,2024-12-01,这个地方喜欢，漂亮。
394,99,163,4,2025-02-17,这个地方推荐，喜欢。
395,153,832,3,2025-02-25,这个地方还行，可以，普通。
396,349,793,4,2024-11-15,这个地方满意，推荐，值得。
397,402,792,2,2024-11-30,这个地方失望，不推荐。
398,384,524,4,2025-04-03,这个地方不错，漂亮，满意。
399,366,786,4,2025-02-26,这个地方推荐，推荐，漂亮。
400,338,271,4,2025-01-18,这个地方推荐，满意。
401,194,492,4,2024-12-23,这个地方很好，喜欢，不错。
402,310,208,5,2025-02-11,这个地方很好，不错。
403,163,539,5,2024-08-17,这个地方漂亮，喜欢，值得。
404,208,584,4,2025-05-13,这个地方漂亮，很好，喜欢。
405,445,60,4,2025-08-05,这个地方漂亮，喜欢，值得。
406,169,430,4,2025-06-09,这个地方推荐，很好。
407,484,985,3,2025-01-18,这个地方凑合，还行。
408,161,657,3,2025-02-01,这个地方一般般，还行，还行。
409,68,605,1,2025-05-10,这个地方失望，一般，差。
410,289,309,4,2025-05-15,这个地方不错，喜欢。
411,398,520,4,2025-07-25,这个地方值得，满意。
412,277,591,3,2025-02-25,这个地方可以，还行，普通。
413,304,27,5,2025-04-04,这个地方满意，喜欢，满意。
414,404,686,5,2025-07-22,这个地方不错，满意，满意。
415,384,562,4,2025-02-12,这个地方喜欢，推荐。
416,392,199,4,2025-05-23,这个地方很好，满意。
417,135,387,5,2025-06-22,这个地方满意，值得，推荐。
418,195,349,2,2024-12-08,这个地方失望，差，太贵。
419,401,960,5,2025-03-25,这个地方很好，很好。
420,128,940,2,2024-08-30,这个地方排队，太贵。
421,33,693,5,2025-03-02,这个地方值得，很好，很好。
422,176,536,3,2025-01-04,这个地方还行，一般般，一般般。
423,460,828,5,2025-01-08,这个地方不错，值得。
424,443,378,5,2025-02-18,这个地方不错，满意。
425,371,899,2,2025-04-19,这个地方不推荐，一般，人多。
426,470,916,4,2024-11-24,这个地方漂亮，很好。
427,375,558,5,2025-03-19,这个地方满意，不错。
428,22,527,4,2025-01-13,这个地方很好，很好。
429,238,153,5,2025-01-31,这个地方推荐，漂亮。
430,158,734,4,2025-07-05,这个地方很好，很好，很好。
431,38,206,3,2025-06-24,这个地方普通，凑合。
432,230,455,3,2024-09-20,这个地方一般般，可以。
433,365,273,3,2024-12-08,这个地方还行，凑合，一般般。
434,51,894,5,2024-10-25,这个地方漂亮，推荐，值得。
435,438,236,3,2024-11-18,这个地方普通，凑合，凑合。
436,264,852,4,2025-04-15,这个地方喜欢，满意，值得。
437,283,740,4,2024-09-11,这个地方很好，不错。
438,27,521,4,2024-11-23,这个地方推荐，喜欢。
439,226,678,5,2024-09-02,这个地方喜欢，推荐，喜欢。
440,277,944,5,2025-07-18,这个地方不错，满意。
441,286,956,4,2025-07-12,这个地方不错，很好，很好。
442,97,831,5,2025-08-10,这个地方值得，值得，喜欢。
443,284,726,5,2025-04-27,这个地方漂亮，很好。
444,367,501,4,2024-10-26,这个地方漂亮，很好，不错。
445,448,117,5,2025-05-31,这个地方喜欢，值得。
446,481,386,3,2024-09-01,这个地方凑合，凑合，普通。
447,453,344,2,2025-03-22,这个地方差，差。
448,317,584,5,2025-06-10,这个地方漂亮，不错。
449,304,395,4,2025-08-08,这个地方值得，很好，喜欢。
450,147,64,5,2025-04-16,这个地方满意，推荐，很好。
451,4,717,5,2024-09-10,这个地方喜欢，值得。
452,35,721,2,2025-02-22,这个地方差，人多。
453,192,72,5,2025-02-18,这个地方不错，推荐，满意。
454,49,789,4,2025-05-23,这个地方值得，漂亮。
455,17,274,4,2025-07-02,这个地方很好，推荐。
456,172,990,4,2025-04-02,这个地方喜欢，喜欢。
457,220,320,5,2024-09-07,这个地方满意，推荐。
458,158,338,1,2025-07-31,这个地方人多，差，人多。
459,477,366,4,2024-09-17,这个地方不错，满意。
460,46,495,4,2025-02-02,这个地方很好，漂亮，推荐。
461,373,607,4,2025-08-07,这个地方满意，很好。
462,6,166,4,2024-10-04,这个地方漂亮，满意，满意。
463,99,544,2,2024-09-16,这个地方差，太贵。
464,380,11,3,2024-09-17,这个地方一般般，还行，普通。
465,233,301,3,2024-09-23,这个地方一般般，可以，凑合。
466,37,729,5,2025-08-01,这个地方很好，推荐，满意。
467,280,801,3,2024-09-23,这个地方一般般，一般般，还行。
468,349,102,3,2025-05-06,这个地方可以，凑合，凑合。
469,497,425,5,2025-01-02,这个地方喜欢，很好，喜欢。
470,302,392,1,2024-11-11,这个地方差，失望。
471,181,779,5,2025-04-25,这个地方漂亮，很好，喜欢。
472,95,214,4,2025-08-15,这个地方喜欢，满意，不错。
473,99,691,5,2024-11-23,这个地方推荐，漂亮，推荐。
474,188,88,3,2025-01-20,这个地方还行，一般般，可以。
475,481,553,1,2025-04-28,这个地方一般，排队，失望。
476,116,401,4,2025-01-28,这个地方满意，喜欢，推荐。
477,191,588,5,2024-10-14,这个地方很好，漂亮，值得。
478,253,889,4,2025-08-04,这个地方满意，推荐，漂亮。
479,469,46,2,2024-09-05,这个地方差，一般。
480,416,672,5,2025-02-09,这个地方推荐，值得，满意。
481,471,463,5,2025-03-15,这个地方满意，推荐，漂亮。
482,161,592,4,2024-09-16,这个地方满意，喜欢。
483,256,310,5,2024-11-10,这个地方不错，不错。
484,323,86,5,2025-02-26,这个地方满意，很好。
485,128,92,4,2025-04-04,这个地方推荐，满意。
486,18,660,2,2025-07-22,这个地方失望，失望，差。
487,281,673,4,2025-07-29,这个地方很好，满意，满意。
488,490,714,2,2025-02-07,这个地方排队，差。
489,223,936,4,2025-03-28,这个地方很好，值得，推荐。
490,54,928,4,2025-07-04,这个地方满意，漂亮。
491,58,242,2,2024-09-16,这个地方一般，太贵，太贵。
492,323,865,3,2024-11-05,这个地方还行，普通，可以。
493,360,2,2,2025-03-23,这个地方太贵，失望。
494,174,225,5,2024-10-05,这个地方漂亮，推荐。
495,280,801,5,2024-10-01,这个地方满意，推荐。
496,114,745,2,2025-05-16,这个地方太贵，差。
497,288,973,5,2025-02-18,这个地方不错，推荐。
498,431,926,4,2025-06-21,这个地方满意，推荐，很好。
499,342,929,3,2025-03-14,这个地方可以，凑合，一般般。
500,151,589,2,2025-03-09,这个地方排队，太贵。
501,450,116,4,2025-04-27,这个地方推荐，推荐。
502,127,666,5,2025-04-01,这个地方值得，推荐，推荐。
503,155,918,4,2024-12-27,这个地方满意，不错。
504,490,103,2,2025-01-08,这个地方不推荐，差，一般。
505,386,194,2,2025-06-09,这个地方太贵，人多。
506,474,166,4,2024-10-18,这个地方喜欢，满意，喜欢。
507,273,871,3,2024-12-10,这个地方还行，凑合。
508,104,90,3,2024-09-27,这个地方一般般，凑合。
509,417,686,3,2025-08-10,这个地方还行，可以，还行。
510,393,122,5,2024-11-09,这个地方满意，喜欢。
511,299,143,5,2025-05-14,这个地方喜欢，不错。
512,246,994,4,2024-11-20,这个地方推荐，很好，漂亮。
513,176,106,5,2025-01-31,这个地方喜欢，漂亮。
514,39,887,3,2025-07-22,这个地方凑合，还行，一般般。
515,477,428,4,2025-03-21,这个地方推荐，不错。
516,170,305,3,2025-04-20,这个地方还行，凑合。
517,247,872,4,2024-09-12,这个地方喜欢，推荐，喜欢。
518,26,971,5,2024-09-12,这个地方满意，值得。
519,355,317,4,2025-06-11,这个地方不错，喜欢。
520,306,963,3,2024-10-19,这个地方还行，普通。
521,409,635,4,2025-02-22,这个地方喜欢，漂亮，推荐。
522,408,902,2,2024-10-01,这个地方失望，人多。
523,13,9,5,2025-06-01,这个地方喜欢，值得，值得。
524,316,774,4,2025-04-24,这个地方值得，漂亮。
525,391,73,4,2025-04-27,这个地方推荐，喜欢，满意。
526,313,359,4,2024-12-10,这个地方值得，值得，不错。
527,36,223,4,2025-01-25,这个地方满意，推荐。
528,173,416,2,2025-03-22,这个地方排队，人多，失望。
529,20,553,4,2025-07-12,这个地方很好，喜欢。
530,321,370,3,2024-10-11,这个地方普通，一般般。
531,264,716,4,2025-07-21,这个地方喜欢，不错。
532,494,264,5,2024-12-21,这个地方漂亮，不错。
533,400,840,5,2025-08-02,这个地方很好，很好，值得。
534,142,690,4,2025-07-02,这个地方漂亮，满意。
535,460,860,4,2025-01-12,这个地方很好，很好。
536,371,318,2,2024-12-26,这个地方差，一般。
537,471,84,5,2025-02-04,这个地方满意，不错。
538,143,318,3,2025-06-26,这个地方凑合，普通，还行。
539,92,111,4,2025-01-14,这个地方值得，值得。
540,354,251,3,2025-03-18,这个地方还行，凑合，普通。
541,322,383,2,2024-11-14,这个地方一般，排队，差。
542,288,7,4,2024-09-12,这个地方很好，喜欢。
543,215,459,2,2025-06-01,这个地方人多，太贵，人多。
544,447,84,4,2025-01-08,这个地方值得，很好，满意。
545,342,208,3,2024-09-02,这个地方还行，可以。
546,51,900,1,2025-02-10,这个地方排队，人多。
547,153,390,4,2024-10-31,这个地方漂亮，满意，漂亮。
548,186,314,1,2025-07-19,这个地方人多，排队。
549,63,22,3,2025-02-17,这个地方还行，可以。
550,190,410,4,2024-12-06,这个地方喜欢，漂亮。
551,125,895,2,2025-04-12,这个地方排队，太贵。
552,150,515,5,2025-02-20,这个地方值得，满意。
553,314,127,1,2025-07-10,这个地方排队，太贵，人多。
554,58,809,3,2025-05-09,这个地方普通，还行，普通。
555,342,700,4,2025-05-10,这个地方不错，喜欢。
556,305,874,3,2025-04-11,这个地方凑合，可以，可以。
557,180,14,2,2025-03-01,这个地方排队，一般，不推荐。
558,170,971,3,2025-05-28,这个地方还行，一般般。
559,326,978,3,2024-10-26,这个地方一般般，普通，还行。
560,271,12,5,2024-09-17,这个地方满意，推荐，喜欢。
561,54,87,3,2025-04-12,这个地方还行，普通。
562,491,524,5,2024-09-07,这个地方喜欢，满意，漂亮。
563,444,909,5,2024-10-10,这个地方漂亮，值得，推荐。
564,101,537,4,2025-03-19,这个地方很好，值得。
565,481,301,5,2025-07-31,这个地方喜欢，漂亮。
566,264,243,3,2025-07-19,这个地方普通，还行，还行。
567,53,122,5,2025-02-24,这个地方不错，不错，推荐。
568,60,147,2,2025-07-01,这个地方排队，太贵，太贵。
569,492,567,4,2024-09-22,这个地方喜欢，喜欢。
570,108,750,4,2024-12-23,这个地方不错，很好。
571,5,356,3,2025-01-14,这个地方一般般，还行。
572,103,685,4,2025-05-23,这个地方不错，满意，很好。
573,196,904,4,2024-11-07,这个地方很好，值得，喜欢。
574,262,733,1,2024-12-27,这个地方不推荐，排队，人多。
575,365,631,3,2025-05-23,这个地方普通，可以，还行。
576,480,309,4,2025-06-12,这个地方满意，漂亮，不错。
577,372,695,4,2025-04-04,这个地方满意，推荐，漂亮。
578,350,288,5,2025-03-18,这个地方不错，喜欢，喜欢。
579,47,307,5,2025-04-23,这个地方漂亮，漂亮。
580,355,812,5,2025-06-13,这个地方很好，值得。
581,311,594,4,2024-09-07,这个地方很好，不错，很好。
582,424,966,3,2024-08-18,这个地方一般般，还行，可以。
583,308,914,2,2024-08-29,这个地方失望，排队，差。
584,144,723,5,2025-03-11,这个地方推荐，喜欢。
585,269,662,4,2025-05-31,这个地方推荐，喜欢，推荐。
586,370,549,1,2025-03-23,这个地方人多，太贵。
587,124,352,3,2024-09-07,这个地方可以，还行，可以。
588,106,312,5,2025-01-03,这个地方喜欢，喜欢，不错。
589,158,873,4,2024-10-07,这个地方漂亮，很好，不错。
590,147,59,4,2025-05-05,这个地方漂亮，不错，推荐。
591,145,643,4,2024-09-03,这个地方喜欢，满意，满意。
592,120,924,3,2024-10-19,这个地方一般般，普通，还行。
593,319,714,3,2025-05-20,这个地方还行，普通，可以。
594,275,755,3,2024-10-17,这个地方凑合，一般般。
595,92,35,2,2025-03-01,这个地方人多，太贵。
596,58,445,5,2025-02-27,这个地方漂亮，满意。
597,439,93,4,2025-04-03,这个地方不错，很好，满意。
598,346,950,5,2025-06-27,这个地方很好，满意，漂亮。
599,229,959,5,2024-09-10,这个地方推荐，漂亮。
600,474,207,3,2024-09-03,这个地方一般般，一般般。
601,117,353,4,2025-04-04,这个地方满意，不错，不错。
602,318,903,4,2024-09-03,这个地方满意，满意，很好。
603,279,332,5,2025-04-01,这个地方推荐，推荐。
604,127,817,3,2024-12-14,这个地方普通，一般般。
605,393,862,4,2025-04-29,这个地方很好，不错。
606,396,725,4,2024-10-07,这个地方喜欢，不错，漂亮。
607,129,159,3,2024-11-02,这个地方普通，普通。
608,58,954,2,2025-07-26,这个地方失望，不推荐，失望。
609,122,957,4,2025-05-18,这个地方漂亮，喜欢，不错。
610,1,24,4,2024-10-24,这个地方不错，不错，推荐。
611,239,404,3,2025-04-26,这个地方一般般，可以。
612,290,805,4,2024-10-19,这个地方不错，很好，满意。
613,96,516,3,2025-05-31,这个地方凑合，普通，还行。
614,126,732,4,2025-02-20,这个地方不错，满意，很好。
615,118,364,3,2024-09-07,这个地方还行，凑合。
616,48,382,5,2025-03-21,这个地方推荐，漂亮。
617,89,532,3,2025-05-07,这个地方一般般，凑合，还行。
618,488,956,3,2024-12-13,这个地方可以，凑合。
619,237,152,2,2025-04-21,这个地方不推荐，差，一般。
620,373,562,2,2025-05-16,这个地方不推荐，排队，差。
621,385,689,4,2025-07-19,这个地方值得，很好。
622,272,947,3,2025-07-22,这个地方一般般，普通。
623,189,608,5,2025-06-19,这个地方值得，值得，很好。
624,487,617,1,2024-10-23,这个地方失望，排队，排队。
625,192,420,3,2025-04-04,这个地方一般般，一般般，还行。
626,447,250,3,2024-09-19,这个地方凑合，凑合，可以。
627,69,117,1,2024-12-10,这个地方一般，失望。
628,278,866,2,2025-07-09,这个地方太贵，人多，太贵。
629,349,512,4,2025-06-02,这个地方很好，值得。
630,247,740,4,2025-03-27,这个地方值得，推荐，不错。
631,451,578,4,2024-09-28,这个地方很好，不错，推荐。
632,76,335,4,2025-03-01,这个地方漂亮，推荐。
633,154,418,4,2024-11-30,这个地方喜欢，值得。
634,144,932,1,2024-08-26,这个地方一般，失望，人多。
635,435,774,4,2025-01-03,这个地方漂亮，喜欢。
636,485,295,5,2025-03-17,这个地方推荐，很好。
637,86,938,4,2025-07-28,这个地方很好，不错。
638,185,755,4,2025-03-23,这个地方很好，喜欢，喜欢。
639,285,371,3,2024-12-18,这个地方凑合，还行，普通。
640,462,186,5,2024-09-06,这个地方满意，喜欢。
641,220,246,5,2024-12-22,这个地方喜欢，很好，漂亮。
642,69,637,4,2025-07-12,这个地方很好，很好。
643,47,268,5,2025-02-07,这个地方漂亮，满意。
644,497,643,2,2025-08-15,这个地方差，失望。
645,94,237,1,2025-03-16,这个地方排队，人多。
646,238,530,5,2025-04-12,这个地方满意，漂亮，漂亮。
647,446,552,5,2024-09-05,这个地方喜欢，不错。
648,500,21,2,2025-01-02,这个地方人多，太贵，太贵。
649,453,911,3,2025-01-07,这个地方凑合，普通，可以。
650,204,737,1,2025-01-17,这个地方人多，差。
651,400,867,3,2025-07-22,这个地方可以，可以，可以。
652,218,794,5,2025-07-31,这个地方喜欢，值得。
653,474,520,4,2025-02-15,这个地方喜欢，漂亮。
654,432,100,3,2024-09-21,这个地方一般般，凑合，可以。
655,341,752,3,2025-04-09,这个地方还行，可以。
656,39,478,1,2025-07-05,这个地方排队，一般，失望。
657,100,599,3,2024-09-14,这个地方一般般，可以。
658,289,298,4,2024-12-23,这个地方漂亮，很好，值得。
659,254,940,5,2024-08-21,这个地方值得，喜欢。
660,222,526,5,2025-07-13,这个地方漂亮，喜欢。
661,357,334,1,2024-09-05,这个地方人多，不推荐。
662,23,2,5,2025-07-02,这个地方很好，不错。
663,250,375,5,2025-04-04,这个地方满意，推荐。
664,10,293,5,2025-07-26,这个地方不错，推荐，值得。
665,246,837,4,2025-04-16,这个地方喜欢，很好。
666,325,934,3,2025-06-07,这个地方还行，可以。
667,100,553,3,2024-08-29,这个地方一般般，一般般，普通。
668,290,318,2,2024-08-20,这个地方人多，排队，排队。
669,180,502,3,2025-06-29,这个地方还行，普通。
670,223,828,3,2025-07-08,这个地方还行，可以，一般般。
671,394,381,4,2024-11-02,这个地方漂亮，漂亮。
672,250,623,4,2025-08-06,这个地方不错，很好，推荐。
673,147,14,4,2025-07-17,这个地方满意，喜欢。
674,442,504,2,2024-12-15,这个地方失望，失望，不推荐。
675,96,231,5,2024-11-15,这个地方满意，满意，满意。
676,257,985,5,2025-05-20,这个地方不错，满意，不错。
677,325,84,5,2024-12-15,这个地方不错，漂亮，很好。
678,493,130,5,2024-09-21,这个地方不错，值得。
679,4,743,4,2025-08-01,这个地方值得，漂亮。
680,16,838,5,2025-08-12,这个地方不错，满意，值得。
681,280,145,2,2025-02-06,这个地方不推荐，差，排队。
682,336,891,3,2025-03-01,这个地方普通，一般般。
683,247,857,3,2025-08-07,这个地方凑合，凑合。
684,258,28,3,2025-04-29,这个地方可以，还行。
685,497,66,2,2025-04-01,这个地方失望，失望，失望。
686,476,163,4,2025-03-15,这个地方很好，满意，推荐。
687,384,229,5,2025-01-19,这个地方不错，喜欢。
688,160,261,4,2024-11-17,这个地方值得，值得，满意。
689,475,449,2,2025-03-26,这个地方太贵，失望，差。
690,340,424,5,2025-05-09,这个地方喜欢，很好，推荐。
691,152,460,4,2024-10-12,这个地方推荐，很好。
692,396,952,3,2025-06-08,这个地方一般般，普通，还行。
693,178,676,4,2024-12-12,这个地方推荐，喜欢，不错。
694,163,301,3,2024-11-28,这个地方还行，普通，可以。
695,380,919,3,2024-11-13,这个地方还行，凑合，一般般。
696,33,303,5,2025-05-29,这个地方不错，不错。
697,417,287,3,2025-03-23,这个地方还行，凑合，一般般。
698,445,395,4,2025-04-27,这个地方很好，值得。
699,179,10,5,2024-12-01,这个地方值得，满意。
700,427,707,4,2025-05-15,这个地方推荐，很好，不错。
701,101,630,2,2025-08-03,这个地方排队，失望，太贵。
702,268,270,2,2024-11-29,这个地方一般，一般。
703,323,592,1,2025-04-29,这个地方失望，差。
704,65,970,4,2024-09-20,这个地方推荐，满意，不错。
705,417,605,4,2025-02-08,这个地方推荐，满意。
706,168,778,2,2025-05-13,这个地方太贵，人多，一般。
707,330,844,5,2025-05-03,这个地方推荐，不错，推荐。
708,43,862,4,2025-08-08,这个地方很好，推荐。
709,44,361,3,2025-06-10,这个地方可以，凑合。
710,285,257,4,2025-02-06,这个地方满意，不错。
711,397,133,4,2024-12-03,这个地方满意，喜欢。
712,12,276,2,2025-08-07,这个地方失望，失望，失望。
713,95,776,3,2025-04-21,这个地方还行，一般般，普通。
714,302,683,5,2024-11-22,这个地方漂亮，喜欢，推荐。
715,386,972,4,2025-05-09,这个地方漂亮，喜欢。
716,253,513,4,2024-10-22,这个地方很好，漂亮，很好。
717,499,313,4,2025-03-05,这个地方推荐，很好，满意。
718,242,576,1,2025-03-28,这个地方人多，太贵，人多。
719,35,886,3,2024-11-21,这个地方普通，凑合，普通。
720,215,980,4,2025-07-10,这个地方喜欢，满意。
721,337,284,3,2025-06-03,这个地方凑合，凑合。
722,90,121,1,2025-06-04,这个地方太贵，排队。
723,264,107,5,2024-10-12,这个地方满意，漂亮。
724,93,933,5,2025-01-29,这个地方推荐，值得，漂亮。
725,410,687,5,2025-04-08,这个地方漂亮，漂亮，推荐。
726,458,997,5,2024-12-13,这个地方值得，很好。
727,90,204,3,2024-10-08,这个地方凑合，还行，一般般。
728,418,165,5,2025-06-17,这个地方不错，满意，不错。
729,115,305,3,2024-11-10,这个地方凑合，可以。
730,105,497,5,2025-05-05,这个地方推荐，很好。
731,391,632,5,2024-10-24,这个地方值得，不错。
732,196,556,4,2024-09-30,这个地方值得，不错，不错。
733,314,824,5,2024-09-09,这个地方满意，值得，不错。
734,114,156,4,2025-03-18,这个地方很好，满意。
735,493,367,3,2025-03-12,这个地方凑合，还行。
736,75,719,4,2025-01-22,这个地方满意，满意。
737,413,902,4,2025-02-18,这个地方满意，推荐。
738,376,620,2,2025-01-31,这个地方失望，一般。
739,420,251,4,2025-01-05,这个地方推荐，漂亮，推荐。
740,217,957,5,2025-05-19,这个地方漂亮，漂亮。
741,277,916,3,2024-11-02,这个地方普通，一般般，还行。
742,249,882,5,2024-11-13,这个地方满意，推荐。
743,164,334,5,2024-12-23,这个地方推荐，满意。
744,394,642,5,2025-02-14,这个地方满意，推荐。
745,357,969,5,2025-01-19,这个地方喜欢，不错，喜欢。
746,457,511,4,2025-04-08,这个地方满意，喜欢，满意。
747,408,293,5,2025-03-16,这个地方很好，值得，满意。
748,192,20,5,2025-08-03,这个地方喜欢，喜欢。
749,227,282,3,2025-04-16,这个地方可以，还行，凑合。
750,177,797,4,2024-08-22,这个地方值得，喜欢。
751,99,1,4,2025-01-08,这个地方很好，漂亮，满意。
752,496,119,3,2025-05-02,这个地方还行，普通，可以。
753,36,35,4,2025-06-07,这个地方漂亮，很好，很好。
754,466,198,4,2025-02-02,这个地方很好，不错，很好。
755,497,485,3,2025-02-11,这个地方一般般，一般般。
756,487,757,4,2025-05-09,这个地方满意，值得。
757,96,59,5,2025-05-26,这个地方值得，喜欢，很好。
758,152,837,4,2025-06-02,这个地方推荐，满意，满意。
759,151,161,1,2024-09-10,这个地方太贵，失望，差。
760,190,691,1,2025-02-05,这个地方失望，不推荐。
761,224,206,3,2024-09-25,这个地方还行，还行，普通。
762,37,12,5,2025-01-14,这个地方推荐，推荐。
763,268,490,3,2024-10-05,这个地方一般般，普通。
764,369,276,4,2024-10-02,这个地方值得，喜欢。
765,183,693,3,2025-03-25,这个地方一般般，凑合。
766,13,242,3,2025-01-12,这个地方凑合，一般般，普通。
767,279,216,5,2024-08-20,这个地方不错，很好。
768,217,251,4,2024-09-26,这个地方不错，不错。
769,355,811,2,2025-08-01,这个地方差，不推荐。
770,361,126,4,2025-01-11,这个地方很好，值得。
771,286,994,1,2025-07-12,这个地方不推荐，不推荐，太贵。
772,273,217,4,2025-02-14,这个地方满意，漂亮。
773,369,306,4,2024-11-19,这个地方不错，喜欢。
774,62,797,2,2024-08-23,这个地方一般，人多。
775,84,185,3,2025-05-08,这个地方一般般，普通，凑合。
776,368,39,3,2025-08-09,这个地方凑合，还行，凑合。
777,217,223,5,2025-07-17,这个地方很好，不错。
778,342,184,5,2024-10-15,这个地方漂亮，满意，很好。
779,397,495,1,2025-03-25,这个地方太贵，不推荐。
780,187,427,5,2025-04-27,这个地方满意，不错，满意。
781,19,178,3,2024-12-27,这个地方一般般，凑合，还行。
782,177,919,3,2025-02-18,这个地方一般般，还行，普通。
783,100,428,5,2025-06-05,这个地方很好，满意，不错。
784,396,294,5,2025-01-18,这个地方喜欢，很好，推荐。
785,445,852,5,2025-01-08,这个地方很好，满意，很好。
786,233,151,4,2025-05-28,这个地方很好，推荐。
787,403,384,3,2025-05-25,这个地方一般般，一般般，还行。
788,76,638,5,2025-07-05,这个地方推荐，喜欢。
789,265,813,3,2024-11-16,这个地方可以，还行。
790,455,308,4,2025-02-06,这个地方满意，满意，很好。
791,284,336,3,2025-02-24,这个地方可以，还行，可以。
792,206,946,4,2025-08-09,这个地方漂亮，满意。
793,223,746,3,2025-03-14,这个地方普通，可以。
794,384,892,3,2025-08-06,这个地方普通，可以，普通。
795,52,375,5,2025-07-13,这个地方很好，漂亮。
796,339,8,2,2025-07-11,这个地方太贵，排队。
797,367,341,4,2025-08-10,这个地方值得，不错。
798,144,129,3,2025-01-13,这个地方还行，凑合。
799,373,776,1,2025-04-04,这个地方差，一般，一般。
800,69,669,1,2024-11-04,这个地方一般，差，差。
801,99,352,3,2025-04-12,这个地方凑合，一般般，凑合。
802,396,358,5,2024-09-13,这个地方漂亮，推荐，值得。
803,25,517,3,2025-02-23,这个地方普通，普通，可以。
804,436,495,5,2025-03-17,这个地方推荐，漂亮。
805,379,86,4,2024-09-19,这个地方漂亮，漂亮。
806,469,175,4,2025-07-21,这个地方很好，喜欢。
807,484,802,4,2025-04-23,这个地方不错，喜欢，值得。
808,53,193,4,2024-11-05,这个地方值得，不错，喜欢。
809,151,311,5,2025-06-02,这个地方喜欢，很好，满意。
810,144,119,3,2025-03-03,这个地方凑合，一般般，凑合。
811,57,218,3,2025-02-08,这个地方可以，凑合。
812,39,427,5,2025-05-30,这个地方喜欢，喜欢。
813,109,970,5,2025-05-18,这个地方很好，不错，不错。
814,181,414,5,2025-02-21,这个地方值得，喜欢，漂亮。
815,42,114,4,2025-07-26,这个地方值得，喜欢，推荐。
816,186,978,5,2025-06-23,这个地方推荐，喜欢，值得。
817,423,145,4,2025-02-13,这个地方值得，漂亮，漂亮。
818,398,538,4,2024-08-22,这个地方很好，喜欢。
819,223,648,3,2025-01-06,这个地方一般般，凑合，一般般。
820,122,303,4,2024-10-05,这个地方漂亮，满意。
821,133,744,3,2024-09-22,这个地方普通，可以，可以。
822,163,881,3,2025-02-18,这个地方还行，还行，还行。
823,215,588,5,2024-11-13,这个地方不错，推荐，不错。
824,221,987,3,2025-04-26,这个地方可以，可以。
825,235,840,2,2025-01-04,这个地方排队，排队，差。
826,331,345,2,2025-01-14,这个地方排队，失望。
827,146,814,5,2025-06-18,这个地方很好，值得。
828,239,964,4,2024-09-23,这个地方喜欢，喜欢。
829,76,801,4,2025-04-29,这个地方值得，不错。
830,9,1,5,2025-03-12,这个地方推荐，很好。
831,74,147,5,2025-02-06,这个地方喜欢，漂亮。
832,442,287,3,2025-01-28,这个地方还行，普通，一般般。
833,492,976,4,2024-10-08,这个地方很好，漂亮。
834,401,654,5,2025-02-01,这个地方很好，漂亮。
835,253,53,4,2025-07-12,这个地方值得，满意。
836,230,304,3,2024-12-13,这个地方普通，普通，凑合。
837,7,69,5,2024-12-22,这个地方值得，漂亮。
838,174,361,4,2025-05-04,这个地方满意，不错，不错。
839,141,602,3,2025-08-09,这个地方一般般，普通，还行。
840,168,958,4,2024-11-06,这个地方推荐，值得，推荐。
841,170,220,1,2025-08-15,这个地方排队，太贵，失望。
842,393,962,2,2025-01-09,这个地方人多，人多，不推荐。
843,434,704,5,2024-12-29,这个地方推荐，推荐，值得。
844,283,966,1,2025-02-25,这个地方失望，不推荐。
845,122,575,4,2025-05-21,这个地方不错，值得，漂亮。
846,194,585,4,2025-07-06,这个地方不错，漂亮，漂亮。
847,5,161,2,2025-04-15,这个地方人多，一般，太贵。
848,29,681,5,2024-09-19,这个地方值得，值得，推荐。
849,165,89,3,2024-10-22,这个地方凑合，可以。
850,422,688,3,2025-02-19,这个地方普通，可以。
851,339,781,3,2025-06-14,这个地方还行，还行。
852,136,585,3,2025-03-04,这个地方可以，普通，普通。
853,496,757,1,2025-02-10,这个地方失望，排队。
854,365,589,4,2025-01-19,这个地方值得，喜欢。
855,321,159,5,2025-01-01,这个地方喜欢，漂亮。
856,342,489,3,2025-06-29,这个地方一般般，普通。
857,500,971,4,2025-01-04,这个地方满意，不错。
858,145,324,4,2025-08-13,这个地方喜欢，不错。
859,327,610,5,2025-02-22,这个地方不错，满意。
860,217,381,4,2025-05-09,这个地方很好，很好，推荐。
861,301,102,3,2025-04-22,这个地方一般般，普通，凑合。
862,132,494,3,2024-11-19,这个地方可以，还行，一般般。
863,292,644,4,2024-12-06,这个地方满意，满意，很好。
864,70,614,5,2024-10-03,这个地方推荐，推荐，值得。
865,252,19,3,2025-05-13,这个地方还行，凑合。
866,415,454,3,2024-11-16,这个地方普通，还行。
867,275,482,5,2025-07-23,这个地方满意，值得。
868,445,594,5,2025-04-22,这个地方漂亮，值得。
869,364,397,5,2025-03-18,这个地方满意，漂亮，值得。
870,182,279,5,2024-09-12,这个地方不错，漂亮。
871,167,851,3,2025-06-27,这个地方可以，普通。
872,91,365,4,2025-01-22,这个地方很好，值得，喜欢。
873,202,331,4,2024-09-15,这个地方不错，很好，推荐。
874,346,641,2,2025-05-29,这个地方太贵，太贵。
875,19,344,4,2025-06-07,这个地方推荐，满意。
876,39,822,4,2025-07-20,这个地方满意，不错。
877,126,455,3,2024-11-18,这个地方可以，凑合。
878,451,601,5,2025-06-27,这个地方推荐，值得，满意。
879,173,725,4,2024-10-28,这个地方推荐，喜欢，喜欢。
880,141,655,5,2024-12-12,这个地方不错，很好。
881,242,65,1,2024-11-25,这个地方太贵，人多，一般。
882,220,76,3,2025-05-29,这个地方普通，可以。
883,126,711,4,2025-02-07,这个地方满意，推荐，不错。
884,58,143,3,2025-06-30,这个地方还行，凑合。
885,148,917,4,2024-08-20,这个地方喜欢，不错，值得。
886,476,915,5,2024-08-27,这个地方很好，推荐。
887,456,828,2,2024-08-29,这个地方排队，一般。
888,317,605,4,2025-02-08,这个地方满意，值得，满意。
889,383,473,4,2024-12-03,这个地方喜欢，满意，值得。
890,361,417,3,2025-01-06,这个地方普通，可以。
891,423,305,5,2024-12-18,这个地方满意，喜欢，不错。
892,1,736,5,2024-11-20,这个地方不错，漂亮。
893,387,497,4,2025-08-15,这个地方不错，喜欢，不错。
894,461,291,4,2025-07-13,这个地方不错，不错，很好。
895,348,940,4,2025-05-29,这个地方值得，漂亮，值得。
896,190,102,5,2024-12-23,这个地方很好，喜欢。
897,191,986,4,2024-09-16,这个地方满意，很好。
898,369,267,4,2024-09-01,这个地方值得，推荐，漂亮。
899,409,867,5,2025-05-10,这个地方值得，喜欢。
900,312,968,3,2025-05-26,这个地方还行，还行。
901,417,622,5,2025-02-05,这个地方很好，喜欢，很好。
902,422,974,3,2024-12-06,这个地方一般般，还行，还行。
903,117,842,3,2025-07-09,这个地方还行，可以。
904,134,962,3,2025-08-02,这个地方普通，还行，普通。
905,58,942,5,2024-09-03,这个地方推荐，值得，不错。
906,44,777,5,2024-10-10,这个地方很好，很好，漂亮。
907,173,3,4,2025-01-19,这个地方漂亮，值得，很好。
908,160,85,4,2024-08-24,这个地方漂亮，漂亮。
909,173,794,4,2025-05-19,这个地方不错，推荐，推荐。
910,317,328,5,2025-06-21,这个地方不错，漂亮。
911,303,816,4,2025-05-14,这个地方不错，值得。
912,149,450,3,2025-05-15,这个地方可以，还行，普通。
913,80,454,3,2024-09-10,这个地方凑合，一般般。
914,374,924,5,2025-05-23,这个地方满意，满意，不错。
915,213,629,4,2024-12-14,这个地方很好，满意。
916,203,221,3,2025-07-25,这个地方还行，还行，凑合。
917,252,154,1,2024-10-29,这个地方差，排队。
918,229,665,5,2024-11-17,这个地方推荐，满意。
919,164,12,1,2024-10-14,这个地方人多，失望，差。
920,227,133,4,2025-04-16,这个地方漂亮，满意。
921,147,994,5,2025-04-10,这个地方很好，推荐。
922,20,304,4,2025-04-25,这个地方推荐，值得。
923,441,293,3,2024-11-16,这个地方一般般，可以。
924,402,975,4,2024-09-14,这个地方喜欢，漂亮，推荐。
925,47,300,5,2025-04-08,这个地方喜欢，很好，喜欢。
926,233,740,4,2025-04-06,这个地方漂亮，漂亮。
927,305,783,5,2025-05-23,这个地方满意，喜欢，喜欢。
928,14,43,2,2024-08-31,这个地方人多，不推荐。
929,143,944,4,2025-05-27,这个地方推荐，很好，满意。
930,415,343,4,2024-09-25,这个地方值得，推荐，推荐。
931,1,326,5,2025-06-08,这个地方值得，满意。
932,373,814,3,2025-03-21,这个地方普通，凑合。
933,54,498,5,2025-07-31,这个地方值得，不错，很好。
934,374,364,4,2024-10-13,这个地方推荐，不错，很好。
935,259,891,3,2025-05-03,这个地方可以，可以。
936,144,427,2,2025-03-04,这个地方太贵，一般。
937,471,21,5,2025-01-27,这个地方漂亮，推荐，值得。
938,441,407,3,2025-01-31,这个地方还行，一般般，一般般。
939,459,619,3,2025-02-12,这个地方一般般，普通。
940,12,336,3,2024-09-28,这个地方普通，可以。
941,330,815,5,2024-11-24,这个地方漂亮，推荐，满意。
942,224,117,4,2024-08-18,这个地方值得，很好，很好。
943,272,124,5,2025-05-08,这个地方推荐，满意。
944,456,399,3,2024-09-08,这个地方一般般，普通，还行。
945,358,793,4,2024-09-30,这个地方值得，满意。
946,460,804,4,2025-01-14,这个地方满意，不错，值得。
947,408,715,5,2024-11-11,这个地方不错，不错。
948,156,51,5,2025-03-07,这个地方推荐，喜欢，很好。
949,373,783,1,2025-03-12,这个地方不推荐，一般，排队。
950,8,324,4,2024-12-08,这个地方喜欢，喜欢，值得。
951,122,789,2,2025-05-11,这个地方排队，排队，差。
952,348,141,4,2025-07-29,这个地方漂亮，值得，推荐。
953,164,470,3,2024-09-23,这个地方普通，还行，普通。
954,90,787,3,2025-05-11,这个地方普通，还行，还行。
955,136,802,3,2025-08-15,这个地方还行，凑合，一般般。
956,186,334,4,2025-01-12,这个地方漂亮，推荐。
957,316,893,3,2025-04-06,这个地方普通，可以，还行。
958,178,964,4,2024-11-29,这个地方喜欢，不错。
959,28,373,4,2025-04-13,这个地方喜欢，值得，漂亮。
960,220,564,2,2025-05-26,这个地方人多，不推荐。
961,357,494,5,2024-11-06,这个地方漂亮，不错。
962,41,539,3,2025-02-26,这个地方凑合，普通。
963,228,669,4,2025-06-18,这个地方很好，漂亮。
964,192,751,4,2025-07-15,这个地方不错，喜欢，值得。
965,411,156,3,2025-03-08,这个地方可以，凑合，一般般。
966,447,291,2,2024-11-05,这个地方不推荐，人多，太贵。
967,145,648,3,2025-05-02,这个地方还行，凑合。
968,201,144,5,2025-05-03,这个地方不错，喜欢。
969,417,106,4,2024-12-31,这个地方喜欢，不错，很好。
970,212,420,4,2025-02-09,这个地方值得，不错。
971,461,670,4,2025-06-07,这个地方推荐，漂亮。
972,220,658,3,2024-10-02,这个地方普通，普通。
973,240,2,4,2024-10-30,这个地方推荐，值得。
974,413,945,5,2025-05-21,这个地方很好，漂亮。
975,397,589,2,2024-08-19,这个地方人多，失望。
976,46,644,3,2025-06-21,这个地方凑合，还行，可以。
977,35,90,3,2025-04-25,这个地方还行，普通。
978,253,345,4,2025-08-03,这个地方值得，很好。
979,390,350,5,2025-07-29,这个地方漂亮，值得。
980,82,459,2,2025-02-15,这个地方不推荐，差。
981,371,263,4,2025-04-25,这个地方不错，很好。
982,256,351,3,2024-12-30,这个地方普通，普通，还行。
983,197,108,5,2025-02-26,这个地方喜欢，喜欢。
984,303,586,2,2024-10-25,这个地方不推荐，一般，太贵。
985,409,39,4,2025-02-08,这个地方满意，推荐。
986,450,909,4,2025-05-29,这个地方很好，满意，满意。
987,10,159,4,2025-03-23,这个地方很好，推荐。
988,312,583,4,2025-02-15,这个地方漂亮，很好，值得。
989,286,959,3,2024-11-03,这个地方还行，凑合，普通。
990,242,312,3,2024-12-09,这个地方还行，还行，一般般。
991,251,241,3,2024-08-27,这个地方还行，还行。
992,365,938,3,2024-10-06,这个地方凑合，可以。
993,5,445,4,2025-02-01,这个地方不错，很好，喜欢。
994,119,298,3,2024-09-27,这个地方普通，普通。
995,289,952,3,2025-06-06,这个地方凑合，可以，还行。
996,374,36,4,2024-12-11,这个地方推荐，喜欢，值得。
997,65,84,5,2025-03-23,这个地方值得，很好，不错。
998,146,452,4,2025-05-02,这个地方值得，推荐。
999,224,886,2,2024-11-26,这个地方太贵，差。
1000,239,775,2,2024-10-24,这个地方差，排队，人多。
1001,177,822,5,2025-06-07,这个地方喜欢，满意。
1002,267,385,3,2025-02-04,这个地方可以，一般般，还行。
1003,341,172,2,2025-06-09,这个地方一般，太贵。
1004,282,376,4,2024-10-15,这个地方喜欢，漂亮。
1005,63,685,4,2025-06-25,这个地方不错，值得，很好。
1006,217,362,4,2024-08-18,这个地方值得，满意。
1007,342,559,3,2024-11-04,这个地方可以，可以，还行。
1008,315,891,1,2024-09-16,这个地方差，排队，失望。
1009,283,141,5,2025-08-07,这个地方很好，漂亮。
1010,177,887,3,2024-12-08,这个地方一般般，一般般，可以。
1011,461,918,4,2024-09-18,这个地方不错，满意。
1012,417,118,4,2024-10-22,这个地方漂亮，不错。
1013,98,277,4,2025-02-13,这个地方很好，不错，很好。
1014,105,726,3,2025-02-18,这个地方凑合，普通。
1015,99,220,3,2025-01-30,这个地方还行，可以，普通。
1016,385,905,4,2025-04-10,这个地方不错，满意，值得。
1017,405,26,5,2025-07-27,这个地方不错，很好。
1018,496,521,5,2024-09-22,这个地方很好，值得，不错。
1019,311,783,2,2025-06-12,这个地方差，人多。
1020,6,10,3,2025-02-15,这个地方还行，普通。
1021,476,984,5,2024-12-18,这个地方值得，喜欢。
1022,465,378,4,2025-07-23,这个地方漂亮，不错，值得。
1023,197,633,5,2025-05-25,这个地方很好，很好。
1024,351,637,3,2024-10-01,这个地方可以，普通。
1025,133,682,4,2025-02-12,这个地方漂亮，不错，很好。
1026,358,584,4,2024-10-04,这个地方值得，满意，很好。
1027,259,152,4,2025-05-09,这个地方很好，满意，漂亮。
1028,437,720,4,2025-06-15,这个地方漂亮，推荐，喜欢。
1029,23,49,1,2024-11-03,这个地方失望，失望。
1030,485,154,4,2025-07-25,这个地方漂亮，很好，喜欢。
1031,53,859,3,2025-01-16,这个地方一般般，还行。
1032,165,293,4,2025-04-12,这个地方推荐，值得。
1033,202,580,5,2025-07-05,这个地方满意，不错，满意。
1034,458,50,3,2025-05-10,这个地方一般般，还行。
1035,83,664,5,2025-07-16,这个地方喜欢，值得。
1036,145,531,3,2025-03-11,这个地方普通，还行，凑合。
1037,85,612,4,2025-04-26,这个地方不错，推荐，漂亮。
1038,78,60,5,2024-12-12,这个地方满意，很好，不错。
1039,457,167,2,2025-04-16,这个地方排队，太贵，不推荐。
1040,366,202,1,2024-11-16,这个地方人多，不推荐，不推荐。
1041,1,857,4,2024-10-26,这个地方很好，推荐，值得。
1042,51,146,2,2025-01-21,这个地方一般，一般，一般。
1043,173,915,4,2025-04-28,这个地方很好，漂亮。
1044,205,676,5,2024-11-11,这个地方值得，不错。
1045,260,970,4,2025-06-21,这个地方推荐，很好。
1046,446,993,3,2025-06-20,这个地方凑合，还行。
1047,449,439,4,2024-10-29,这个地方值得，推荐。
1048,369,242,4,2025-04-24,这个地方不错，很好，不错。
1049,488,581,1,2024-10-12,这个地方不推荐，排队。
1050,288,687,4,2024-09-09,这个地方推荐，不错。
1051,34,561,4,2025-01-30,这个地方不错，值得。
1052,348,483,4,2024-09-29,这个地方推荐，不错。
1053,95,108,3,2025-02-18,这个地方一般般，还行，可以。
1054,72,226,4,2025-01-09,这个地方很好，喜欢。
1055,39,673,2,2024-11-12,这个地方差，差，排队。
1056,154,631,3,2025-07-31,这个地方普通，一般般。
1057,250,661,5,2025-06-16,这个地方很好，满意。
1058,162,977,4,2025-06-23,这个地方推荐，漂亮，值得。
1059,438,662,1,2025-03-01,这个地方太贵，一般，人多。
1060,118,432,3,2025-07-21,这个地方普通，还行，一般般。
1061,259,805,3,2024-09-14,这个地方一般般，凑合，还行。
1062,379,655,3,2025-06-12,这个地方普通，还行。
1063,306,419,3,2025-05-08,这个地方可以，凑合。
1064,268,988,2,2025-06-03,这个地方一般，失望。
1065,449,455,4,2025-02-05,这个地方值得，喜欢，推荐。
1066,54,160,4,2025-02-26,这个地方值得，很好，不错。
1067,236,523,4,2024-11-16,这个地方推荐，值得，满意。
1068,389,650,4,2025-02-10,这个地方喜欢，喜欢。
1069,478,969,2,2025-07-24,这个地方失望，人多，人多。
1070,222,590,5,2025-02-16,这个地方推荐，满意。
1071,251,77,5,2024-09-23,这个地方很好，值得，很好。
1072,313,509,5,2025-04-30,这个地方喜欢，值得，值得。
1073,401,441,5,2024-09-15,这个地方很好，喜欢，满意。
1074,112,254,5,2025-03-07,这个地方很好，很好，漂亮。
1075,255,921,4,2024-10-18,这个地方不错，值得，推荐。
1076,303,770,3,2025-01-22,这个地方普通，一般般，普通。
1077,407,320,4,2025-05-30,这个地方很好，漂亮。
1078,207,803,4,2025-07-31,这个地方值得，值得，喜欢。
1079,229,263,4,2024-09-23,这个地方很好，推荐。
1080,341,597,4,2025-05-12,这个地方喜欢，喜欢，喜欢。
1081,398,658,2,2025-03-22,这个地方人多，一般。
1082,66,835,3,2025-08-14,这个地方还行，还行，普通。
1083,75,554,5,2025-08-06,这个地方值得，不错，不错。
1084,435,374,4,2025-04-13,这个地方值得，喜欢，值得。
1085,103,637,4,2025-05-27,这个地方值得，喜欢。
1086,422,167,3,2025-03-29,这个地方普通，可以，凑合。
1087,192,937,3,2024-09-24,这个地方可以，还行，一般般。
1088,252,753,5,2025-03-19,这个地方值得，很好。
1089,226,459,4,2024-11-01,这个地方推荐，推荐。
1090,294,999,5,2024-08-20,这个地方漂亮，推荐。
1091,306,280,4,2024-09-10,这个地方推荐，值得。
1092,98,700,4,2025-04-09,这个地方喜欢，不错，推荐。
1093,338,302,3,2024-12-20,这个地方还行，凑合。
1094,286,531,4,2025-06-19,这个地方很好，值得，不错。
1095,335,580,4,2025-01-30,这个地方很好，喜欢，推荐。
1096,347,218,4,2025-01-17,这个地方漂亮，推荐。
1097,435,102,4,2025-07-02,这个地方很好，很好。
1098,447,554,5,2025-05-11,这个地方推荐，值得。
1099,482,288,2,2024-11-10,这个地方太贵，一般，太贵。
1100,308,167,5,2025-07-24,这个地方很好，值得。
1101,249,621,3,2024-09-15,这个地方普通，凑合。
1102,166,36,4,2025-07-03,这个地方漂亮，推荐。
1103,481,744,1,2025-07-20,这个地方排队，太贵。
1104,472,741,3,2024-11-07,这个地方普通，还行，一般般。
1105,335,353,4,2025-05-11,这个地方满意，喜欢。
1106,30,676,2,2025-07-11,这个地方排队，排队，失望。
1107,247,899,4,2025-04-29,这个地方喜欢，值得，喜欢。
1108,106,73,5,2025-06-22,这个地方满意，不错。
1109,51,648,2,2025-02-05,这个地方人多，人多，人多。
1110,81,353,5,2025-01-09,这个地方不错，漂亮。
1111,133,891,4,2025-02-12,这个地方很好，满意。
1112,285,70,4,2025-06-08,这个地方值得，不错，满意。
1113,388,425,3,2024-10-03,这个地方普通，还行，普通。
1114,138,999,3,2025-04-08,这个地方凑合，凑合。
1115,184,708,3,2025-06-22,这个地方还行，可以。
1116,401,781,2,2025-05-11,这个地方差，排队，人多。
1117,330,561,3,2024-09-14,这个地方可以，普通。
1118,273,828,4,2025-05-21,这个地方漂亮，满意。
1119,340,642,5,2024-10-26,这个地方漂亮，值得，不错。
1120,472,956,5,2025-04-19,这个地方推荐，不错。
1121,69,517,4,2025-01-20,这个地方不错，很好。
1122,34,428,2,2024-09-16,这个地方太贵，人多，失望。
1123,262,539,3,2025-03-15,这个地方还行，凑合，还行。
1124,53,160,3,2025-07-12,这个地方还行，凑合，还行。
1125,450,149,3,2025-05-29,这个地方凑合，还行。
1126,205,776,4,2025-06-10,这个地方值得，满意，满意。
1127,126,230,4,2024-09-07,这个地方值得，不错。
1128,235,712,3,2025-07-13,这个地方可以，凑合，一般般。
1129,43,562,3,2025-05-11,这个地方普通，凑合。
1130,240,67,5,2025-02-28,这个地方很好，喜欢。
1131,459,812,5,2025-02-28,这个地方不错，满意。
1132,371,381,3,2025-03-18,这个地方普通，还行。
1133,111,58,5,2025-06-06,这个地方喜欢，喜欢。
1134,249,259,5,2025-08-13,这个地方满意，值得，满意。
1135,151,342,3,2024-10-06,这个地方一般般，一般般。
1136,183,838,3,2025-07-15,这个地方普通，可以，普通。
1137,336,130,4,2024-11-02,这个地方喜欢，满意。
1138,95,727,5,2025-05-26,这个地方值得，值得。
1139,459,172,5,2025-07-04,这个地方不错，满意，漂亮。
1140,374,770,2,2025-05-03,这个地方太贵，太贵。
1141,400,614,3,2025-08-15,这个地方普通，一般般。
1142,8,209,4,2025-06-16,这个地方值得，很好。
1143,388,803,4,2024-11-19,这个地方推荐，值得。
1144,360,354,3,2025-02-17,这个地方还行，凑合，可以。
1145,388,471,5,2025-01-04,这个地方推荐，漂亮。
1146,184,798,4,2025-08-10,这个地方推荐，漂亮。
1147,281,116,5,2025-05-05,这个地方满意，喜欢，很好。
1148,195,264,5,2025-08-06,这个地方喜欢，满意，很好。
1149,352,662,4,2025-06-06,这个地方喜欢，值得，很好。
1150,195,812,4,2025-05-18,这个地方值得，喜欢，漂亮。
1151,155,442,4,2025-01-02,这个地方值得，喜欢。
1152,93,548,3,2025-03-11,这个地方凑合，可以，凑合。
1153,160,453,4,2024-12-31,这个地方推荐，不错。
1154,434,845,3,2025-04-12,这个地方还行，普通。
1155,61,477,4,2025-01-19,这个地方不错，很好，很好。
1156,122,287,3,2025-05-11,这个地方一般般，普通，凑合。
1157,51,303,2,2025-06-03,这个地方一般，差，人多。
1158,403,311,3,2025-04-23,这个地方普通，可以。
1159,277,208,1,2025-02-06,这个地方失望，差。
1160,5,618,4,2025-02-27,这个地方不错，满意。
1161,466,446,4,2024-10-13,这个地方推荐，满意。
1162,92,670,4,2025-01-24,这个地方推荐，推荐，值得。
1163,170,633,3,2025-06-21,这个地方还行，凑合，还行。
1164,317,55,2,2025-01-20,这个地方太贵，失望，差。
1165,22,912,1,2025-07-06,这个地方排队，排队，人多。
1166,405,12,3,2025-07-15,这个地方还行，普通。
1167,326,657,5,2025-08-01,这个地方满意，满意。
1168,1,400,3,2025-06-15,这个地方还行，还行，普通。
1169,133,908,3,2025-03-14,这个地方一般般，普通，普通。
1170,233,648,2,2024-11-05,这个地方差，人多，不推荐。
1171,12,980,3,2025-01-19,这个地方可以，一般般，凑合。
1172,346,515,4,2024-09-30,这个地方满意，不错。
1173,46,656,4,2025-02-10,这个地方喜欢，喜欢。
1174,34,542,3,2025-04-08,这个地方普通，普通，一般般。
1175,433,237,2,2025-04-11,这个地方失望，差，人多。
1176,78,279,3,2024-10-28,这个地方还行，普通，普通。
1177,218,348,3,2025-04-24,这个地方可以，可以。
1178,301,627,3,2025-01-29,这个地方凑合，还行。
1179,411,104,5,2025-08-03,这个地方漂亮，漂亮，不错。
1180,73,630,4,2024-11-18,这个地方不错，漂亮，喜欢。
1181,282,517,4,2025-05-19,这个地方喜欢，不错。
1182,249,980,4,2025-01-13,这个地方推荐，喜欢，很好。
1183,47,872,4,2024-11-11,这个地方推荐，很好，不错。
1184,121,248,4,2025-01-25,这个地方满意，值得。
1185,214,364,4,2025-06-03,这个地方漂亮，满意，漂亮。
1186,239,321,4,2025-07-22,这个地方漂亮，满意。
1187,56,633,3,2025-05-07,这个地方可以，普通，可以。
1188,350,286,4,2025-02-21,这个地方漂亮，推荐。
1189,107,149,4,2025-04-21,这个地方值得，满意。
1190,319,84,5,2025-03-03,这个地方喜欢，推荐。
1191,48,966,4,2025-07-06,这个地方喜欢，值得，满意。
1192,61,406,4,2024-09-06,这个地方很好，很好，推荐。
1193,337,978,2,2025-04-18,这个地方不推荐，太贵。
1194,26,456,4,2025-05-11,这个地方满意，推荐。
1195,292,743,2,2025-03-24,这个地方差，人多，排队。
1196,257,800,3,2025-01-12,这个地方凑合，一般般。
1197,8,161,2,2024-12-30,这个地方不推荐，失望，一般。
1198,113,784,4,2024-10-07,这个地方推荐，喜欢。
1199,355,460,3,2025-04-08,这个地方一般般，凑合。
1200,253,550,3,2024-08-29,这个地方普通，一般般。
1201,180,500,5,2024-10-02,这个地方很好，喜欢，喜欢。
1202,207,738,3,2025-04-01,这个地方普通，普通，普通。
1203,303,509,4,2024-09-26,这个地方很好，喜欢。
1204,127,654,4,2024-09-13,这个地方很好，很好。
1205,56,804,1,2024-11-16,这个地方失望，差。
1206,214,481,5,2025-04-21,这个地方推荐，值得。
1207,14,663,2,2024-10-14,这个地方排队，一般，差。
1208,474,114,4,2025-05-14,这个地方喜欢，满意，漂亮。
1209,28,749,4,2025-03-01,这个地方推荐，很好。
1210,471,578,4,2025-01-25,这个地方推荐，很好，不错。
1211,78,361,4,2024-09-09,这个地方值得，喜欢。
1212,216,341,3,2025-03-20,这个地方还行，凑合，凑合。
1213,386,770,1,2025-02-14,这个地方差，人多。
1214,365,987,4,2025-03-17,这个地方喜欢，满意，很好。
1215,154,761,4,2025-06-03,这个地方推荐，喜欢。
1216,14,969,5,2024-08-16,这个地方值得，值得。
1217,187,449,5,2024-11-15,这个地方喜欢，喜欢，不错。
1218,312,843,5,2025-07-05,这个地方很好，很好，很好。
1219,371,835,4,2025-01-16,这个地方很好，漂亮。
1220,7,180,3,2025-05-07,这个地方凑合，可以。
1221,3,702,5,2025-07-02,这个地方推荐，值得。
1222,111,407,4,2025-05-26,这个地方漂亮，推荐，喜欢。
1223,407,666,3,2025-07-30,这个地方普通，可以，凑合。
1224,238,196,5,2025-06-04,这个地方满意，推荐。
1225,363,466,5,2025-08-02,这个地方满意，喜欢，漂亮。
1226,239,311,4,2025-03-12,这个地方漂亮，喜欢。
1227,493,262,2,2025-01-05,这个地方人多，太贵，人多。
1228,274,419,3,2025-04-06,这个地方一般般，一般般。
1229,294,406,5,2024-09-12,这个地方推荐，不错，值得。
1230,227,939,5,2025-06-30,这个地方满意，推荐。
1231,371,143,3,2025-05-01,这个地方普通，普通。
1232,15,342,2,2025-04-30,这个地方不推荐，差，人多。
1233,192,316,5,2024-11-24,这个地方很好，很好。
1234,473,101,3,2025-01-23,这个地方还行，可以。
1235,119,244,4,2025-05-29,这个地方喜欢，满意。
1236,485,490,5,2025-03-14,这个地方值得，值得。
1237,28,12,2,2024-11-18,这个地方不推荐，不推荐。
1238,202,239,4,2024-12-12,这个地方漂亮，不错，值得。
1239,39,561,2,2025-07-28,这个地方人多，不推荐。
1240,441,42,3,2024-09-04,这个地方一般般，还行。
1241,273,678,5,2025-07-21,这个地方满意，值得，漂亮。
1242,231,594,4,2025-01-11,这个地方不错，不错。
1243,86,429,5,2025-03-15,这个地方不错，不错。
1244,474,803,4,2025-03-15,这个地方推荐，漂亮。
1245,126,158,3,2025-02-23,这个地方还行，可以。
1246,300,216,3,2025-05-16,这个地方还行，可以，可以。
1247,25,670,3,2024-09-12,这个地方一般般，还行。
1248,145,462,3,2025-02-16,这个地方还行，凑合，凑合。
1249,13,134,2,2025-04-07,这个地方失望，差。
1250,212,67,3,2024-10-22,这个地方可以，还行。
1251,25,848,4,2024-11-14,这个地方漂亮，很好，值得。
1252,68,7,4,2024-11-16,这个地方推荐，漂亮，满意。
1253,394,948,4,2025-06-01,这个地方喜欢，不错，满意。
1254,67,526,4,2025-02-20,这个地方满意，不错。
1255,233,73,1,2025-02-13,这个地方人多，失望，失望。
1256,109,399,3,2024-10-01,这个地方普通，凑合。
1257,146,405,4,2025-04-07,这个地方值得，很好，漂亮。
1258,111,675,4,2024-08-18,这个地方满意，不错。
1259,228,578,1,2025-06-28,这个地方太贵，人多。
1260,111,859,5,2025-06-22,这个地方喜欢，满意。
1261,470,130,5,2025-03-15,这个地方漂亮，不错。
1262,34,931,4,2024-08-26,这个地方不错，很好。
1263,111,466,2,2025-01-28,这个地方一般，差。
1264,264,206,5,2024-10-12,这个地方满意，推荐。
1265,424,788,4,2024-08-25,这个地方喜欢，满意，不错。
1266,369,978,5,2025-04-20,这个地方漂亮，喜欢。
1267,236,768,5,2024-11-26,这个地方很好，不错。
1268,83,266,5,2025-07-01,这个地方不错，喜欢，推荐。
1269,42,537,4,2024-10-18,这个地方很好，满意，值得。
1270,425,962,2,2024-08-25,这个地方差，不推荐。
1271,101,793,4,2025-02-08,这个地方漂亮，推荐。
1272,6,253,4,2024-10-10,这个地方很好，推荐，很好。
1273,180,822,4,2024-10-02,这个地方喜欢，漂亮。
1274,282,289,3,2025-04-09,这个地方一般般，凑合。
1275,320,164,3,2025-06-28,这个地方普通，凑合。
1276,226,95,5,2025-07-22,这个地方很好，满意。
1277,443,782,4,2024-11-23,这个地方喜欢，喜欢，漂亮。
1278,440,833,5,2025-04-20,这个地方漂亮，满意，喜欢。
1279,315,110,5,2025-03-25,这个地方值得，值得。
1280,365,336,4,2025-01-28,这个地方很好，不错，推荐。
1281,454,822,4,2025-03-12,这个地方很好，很好。
1282,229,238,5,2024-09-02,这个地方不错，喜欢，不错。
1283,377,381,4,2025-04-04,这个地方不错，很好。
1284,289,436,4,2025-03-21,这个地方不错，值得，喜欢。
1285,437,899,3,2024-09-14,这个地方还行，可以。
1286,150,483,4,2025-06-06,这个地方漂亮，喜欢，不错。
1287,277,937,4,2024-12-26,这个地方不错，值得。
1288,198,902,3,2024-09-16,这个地方普通，还行。
1289,70,25,3,2024-10-21,这个地方还行，可以，凑合。
1290,112,653,3,2025-03-15,这个地方凑合，普通。
1291,4,117,3,2025-05-18,这个地方可以，凑合。
1292,350,482,3,2024-09-16,这个地方一般般，凑合，一般般。
1293,331,392,4,2025-01-29,这个地方不错，推荐，值得。
1294,446,917,5,2025-03-08,这个地方漂亮，不错。
1295,318,994,4,2025-07-21,这个地方漂亮，满意。
1296,350,964,3,2025-04-17,这个地方还行，凑合。
1297,95,537,2,2024-10-19,这个地方失望，失望。
1298,152,79,4,2025-01-16,这个地方满意，很好，推荐。
1299,311,580,3,2025-06-14,这个地方凑合，可以，普通。
1300,137,173,5,2025-06-09,这个地方不错，漂亮。
1301,247,956,4,2024-12-06,这个地方不错，值得，不错。
1302,387,12,5,2025-08-14,这个地方不错，满意，推荐。
1303,243,800,3,2025-04-30,这个地方还行，凑合，普通。
1304,31,128,4,2024-11-03,这个地方喜欢，很好，漂亮。
1305,40,608,3,2025-06-28,这个地方还行，可以。
1306,229,92,5,2025-03-29,这个地方值得，值得。
1307,36,653,4,2025-01-10,这个地方喜欢，很好。
1308,408,543,3,2025-07-03,这个地方还行，一般般，普通。
1309,223,846,3,2024-11-20,这个地方还行，一般般，凑合。
1310,6,532,3,2025-05-30,这个地方可以，还行。
1311,322,658,4,2025-01-12,这个地方不错，满意，值得。
1312,468,989,3,2025-05-10,这个地方一般般，凑合，一般般。
1313,220,828,4,2024-12-23,这个地方漂亮，值得。
1314,75,447,3,2024-11-07,这个地方一般般，普通。
1315,4,390,4,2025-03-20,这个地方不错，值得，不错。
1316,335,672,5,2024-10-16,这个地方推荐，不错。
1317,134,861,5,2025-06-11,这个地方满意，很好，值得。
1318,118,43,5,2024-12-25,这个地方满意，喜欢，推荐。
1319,369,254,3,2025-05-21,这个地方普通，还行，普通。
1320,94,130,2,2025-05-29,这个地方失望，人多。
1321,486,60,4,2025-01-23,这个地方推荐，推荐，漂亮。
1322,435,663,3,2024-11-10,这个地方可以，可以。
1323,62,467,4,2024-09-13,这个地方满意，推荐，满意。
1324,441,287,1,2024-12-05,这个地方不推荐，人多，不推荐。
1325,194,517,3,2024-10-16,这个地方还行，还行，还行。
1326,335,467,1,2025-04-08,这个地方差，排队。
1327,203,930,5,2025-05-24,这个地方满意，喜欢。
1328,392,778,3,2024-11-13,这个地方普通，普通。
1329,26,345,4,2025-02-10,这个地方推荐，很好。
1330,435,642,1,2025-07-01,这个地方太贵，失望，失望。
1331,173,382,4,2025-02-14,这个地方推荐，喜欢，喜欢。
1332,300,779,3,2024-11-21,这个地方还行，还行，还行。
1333,133,690,5,2024-10-24,这个地方推荐，值得。
1334,326,253,5,2024-09-28,这个地方很好，喜欢，喜欢。
1335,410,927,3,2025-05-08,这个地方还行，普通，普通。
1336,118,56,5,2025-05-30,这个地方值得，不错。
1337,324,463,5,2024-11-17,这个地方漂亮，很好，喜欢。
1338,275,457,5,2024-09-11,这个地方值得，值得。
1339,212,983,5,2025-03-07,这个地方漂亮，不错，喜欢。
1340,225,83,3,2025-07-03,这个地方还行，可以，一般般。
1341,20,905,4,2024-12-21,这个地方满意，不错，很好。
1342,113,99,2,2025-04-04,这个地方人多，人多，不推荐。
1343,140,149,2,2025-02-05,这个地方排队，不推荐，不推荐。
1344,47,329,5,2024-08-25,这个地方不错，值得。
1345,1,156,3,2024-11-11,这个地方可以，一般般。
1346,90,190,4,2025-07-29,这个地方满意，很好，很好。
1347,142,494,5,2025-08-04,这个地方很好，不错。
1348,320,883,5,2025-02-17,这个地方不错，漂亮。
1349,38,263,5,2025-04-15,这个地方值得，值得。
1350,293,80,3,2024-12-13,这个地方凑合，还行，凑合。
1351,382,400,1,2025-01-06,这个地方不推荐，失望，差。
1352,139,764,4,2025-06-26,这个地方值得，不错，值得。
1353,356,609,2,2025-06-06,这个地方人多，排队，失望。
1354,333,260,1,2025-06-29,这个地方人多，不推荐。
1355,491,772,3,2025-07-28,这个地方还行，可以。
1356,259,615,5,2024-11-27,这个地方很好，不错。
1357,161,552,4,2025-05-24,这个地方推荐，喜欢。
1358,390,785,3,2025-03-14,这个地方普通，凑合，一般般。
1359,178,101,4,2025-06-24,这个地方很好，值得。
1360,10,359,3,2025-05-01,这个地方一般般，普通。
1361,261,380,1,2024-08-24,这个地方人多，排队，太贵。
1362,407,820,5,2024-10-16,这个地方不错，推荐，很好。
1363,138,221,4,2025-04-03,这个地方不错，不错，值得。
1364,172,820,5,2025-06-08,这个地方满意，喜欢，值得。
1365,386,420,1,2025-08-05,这个地方人多，人多。
1366,13,124,5,2025-03-26,这个地方推荐，喜欢。
1367,168,422,4,2025-02-05,这个地方漂亮，喜欢。
1368,130,231,4,2025-06-08,这个地方漂亮，漂亮，满意。
1369,84,690,4,2025-07-24,这个地方不错，漂亮，漂亮。
1370,321,63,5,2025-02-16,这个地方不错，很好。
1371,319,485,4,2024-10-27,这个地方喜欢，很好，值得。
1372,101,628,4,2025-08-07,这个地方满意，喜欢，推荐。
1373,329,703,5,2024-11-18,这个地方漂亮，喜欢，漂亮。
1374,273,574,5,2025-05-15,这个地方喜欢，不错。
1375,265,768,4,2025-07-30,这个地方漂亮，漂亮。
1376,459,483,4,2025-03-15,这个地方很好，喜欢。
1377,399,519,3,2024-09-22,这个地方可以，普通，一般般。
1378,408,155,3,2025-03-20,这个地方一般般，还行，凑合。
1379,38,92,4,2024-11-22,这个地方不错，推荐，喜欢。
1380,419,982,5,2024-09-22,这个地方很好，值得。
1381,94,526,5,2025-05-02,这个地方不错，值得。
1382,95,455,3,2025-07-12,这个地方还行，普通，可以。
1383,305,741,4,2025-04-19,这个地方推荐，值得。
1384,69,598,3,2025-08-02,这个地方一般般，可以，可以。
1385,318,645,5,2025-08-02,这个地方漂亮，喜欢。
1386,444,510,5,2024-11-23,这个地方不错，漂亮。
1387,236,183,4,2025-03-29,这个地方漂亮，漂亮，值得。
1388,434,386,5,2024-10-26,这个地方值得，漂亮。
1389,334,574,4,2024-08-17,这个地方不错，推荐，值得。
1390,373,731,4,2025-04-19,这个地方满意，不错，不错。
1391,376,405,2,2024-12-21,这个地方人多，差。
1392,459,246,4,2025-07-13,这个地方很好，满意，满意。
1393,137,742,4,2025-02-28,这个地方值得，漂亮。
1394,418,591,4,2025-08-06,这个地方漂亮，满意。
1395,76,661,3,2025-04-16,这个地方普通，普通，普通。
1396,483,650,5,2025-03-24,这个地方喜欢，不错。
1397,35,471,3,2025-01-05,这个地方可以，可以。
1398,1,826,4,2024-12-02,这个地方不错，不错。
1399,296,888,4,2024-11-21,这个地方不错，漂亮。
1400,320,423,4,2024-08-22,这个地方推荐，喜欢。
1401,406,901,4,2025-08-12,这个地方推荐，不错。
1402,60,65,3,2024-08-27,这个地方普通，凑合，还行。
1403,320,13,3,2025-05-02,这个地方还行，一般般，一般般。
1404,349,213,4,2025-05-23,这个地方值得，漂亮。
1405,328,986,4,2025-01-14,这个地方漂亮，喜欢。
1406,267,242,3,2025-04-17,这个地方一般般，一般般。
1407,361,493,4,2025-04-06,这个地方不错，不错。
1408,229,213,4,2024-09-12,这个地方喜欢，漂亮。
1409,270,693,4,2025-01-31,这个地方推荐，很好，不错。
1410,316,338,5,2025-07-28,这个地方很好，不错。
1411,286,997,3,2025-04-08,这个地方凑合，一般般。
1412,291,173,1,2025-08-04,这个地方差，失望。
1413,213,672,5,2025-05-27,这个地方很好，喜欢。
1414,165,164,4,2024-09-20,这个地方喜欢，满意，漂亮。
1415,5,465,4,2024-08-27,这个地方喜欢，不错，漂亮。
1416,339,995,5,2024-11-27,这个地方满意，推荐。
1417,379,497,5,2025-04-13,这个地方很好，不错，很好。
1418,78,700,5,2024-10-13,这个地方满意，推荐，推荐。
1419,410,395,4,2024-11-22,这个地方值得，值得。
1420,62,703,4,2025-03-29,这个地方推荐，很好，很好。
1421,132,917,4,2024-09-21,这个地方很好，漂亮，满意。
1422,89,308,3,2025-08-14,这个地方一般般，凑合。
1423,237,768,4,2025-08-08,这个地方漂亮，满意，很好。
1424,42,183,3,2024-12-09,这个地方还行，普通，还行。
1425,89,629,5,2025-03-30,这个地方漂亮，喜欢。
1426,402,794,4,2025-04-14,这个地方很好，喜欢，不错。
1427,296,510,4,2024-10-11,这个地方不错，满意。
1428,328,708,3,2024-12-31,这个地方可以，普通，普通。
1429,295,546,2,2025-08-06,这个地方不推荐，差，不推荐。
1430,104,564,1,2025-01-16,这个地方人多，人多，不推荐。
1431,14,624,4,2025-04-26,这个地方漂亮，很好。
1432,288,764,2,2025-08-08,这个地方差，太贵，排队。
1433,179,594,4,2024-10-28,这个地方漂亮，值得，很好。
1434,125,744,5,2024-08-19,这个地方推荐，满意，喜欢。
1435,422,227,5,2024-12-06,这个地方满意，推荐。
1436,353,745,4,2025-08-02,这个地方漂亮，推荐。
1437,23,733,3,2024-12-19,这个地方普通，凑合。
1438,63,436,5,2024-12-17,这个地方推荐，值得，喜欢。
1439,143,925,5,2024-09-08,这个地方值得，满意。
1440,481,422,3,2025-03-20,这个地方一般般，一般般，可以。
1441,153,554,4,2024-12-23,这个地方喜欢，值得，漂亮。
1442,145,21,3,2024-10-14,这个地方一般般，一般般，可以。
1443,225,554,5,2025-03-02,这个地方漂亮，满意。
1444,495,397,5,2025-07-27,这个地方很好，漂亮。
1445,450,625,1,2025-01-12,这个地方太贵，差。
1446,462,105,5,2024-09-07,这个地方喜欢，推荐。
1447,309,192,4,2025-04-03,这个地方不错，漂亮，喜欢。
1448,104,17,5,2025-04-09,这个地方推荐，很好，推荐。
1449,104,120,4,2024-10-26,这个地方值得，漂亮，满意。
1450,435,393,5,2024-12-13,这个地方不错，喜欢，满意。
1451,39,425,2,2025-02-08,这个地方失望，太贵。
1452,435,129,3,2025-07-03,这个地方普通，普通，一般般。
1453,198,130,2,2025-05-22,这个地方一般，人多。
1454,134,572,5,2025-07-03,这个地方满意，推荐。
1455,67,560,5,2024-09-20,这个地方很好，漂亮。
1456,391,29,5,2025-03-24,这个地方值得，推荐，漂亮。
1457,179,97,5,2025-06-26,这个地方喜欢，推荐，漂亮。
1458,456,10,2,2024-12-17,这个地方差，排队。
1459,42,242,3,2024-10-26,这个地方一般般，一般般。
1460,448,826,2,2025-06-26,这个地方太贵，一般。
1461,500,956,3,2024-11-23,这个地方一般般，凑合，还行。
1462,15,232,3,2025-04-18,这个地方还行，可以，还行。
1463,111,789,4,2025-01-28,这个地方推荐，喜欢。
1464,157,284,3,2024-12-11,这个地方还行，还行。
1465,289,715,2,2025-06-07,这个地方不推荐，一般，人多。
1466,500,759,3,2024-09-09,这个地方一般般，还行。
1467,478,802,2,2025-06-20,这个地方差，排队，不推荐。
1468,231,776,5,2025-07-08,这个地方满意，值得。
1469,411,955,5,2024-10-31,这个地方喜欢，推荐。
1470,420,726,5,2025-07-29,这个地方推荐，满意。
1471,157,200,4,2025-01-08,这个地方很好，漂亮。
1472,38,945,3,2024-10-07,这个地方凑合，凑合，一般般。
1473,441,79,5,2024-12-15,这个地方推荐，值得，满意。
1474,97,913,3,2024-08-29,这个地方还行，可以，一般般。
1475,485,956,3,2024-10-16,这个地方一般般，一般般。
1476,411,855,3,2024-10-22,这个地方凑合，还行。
1477,439,856,2,2024-11-06,这个地方差，太贵，人多。
1478,289,173,3,2025-06-03,这个地方凑合，一般般。
1479,254,467,3,2025-04-28,这个地方一般般，还行。
1480,196,581,4,2025-02-17,这个地方不错，漂亮，漂亮。
1481,86,416,2,2025-07-15,这个地方人多，一般，人多。
1482,322,940,3,2024-12-25,这个地方普通，还行。
1483,10,449,5,2024-11-07,这个地方不错，漂亮，值得。
1484,5,87,2,2025-07-22,这个地方差，一般。
1485,123,101,3,2024-09-19,这个地方普通，凑合。
1486,330,8,5,2024-11-10,这个地方喜欢，喜欢。
1487,353,845,3,2025-01-02,这个地方可以，一般般，普通。
1488,118,200,2,2025-06-20,这个地方排队，人多。
1489,294,505,4,2025-02-17,这个地方值得，漂亮。
1490,397,87,3,2024-12-27,这个地方一般般，还行，一般般。
1491,159,43,4,2024-09-07,这个地方不错，推荐。
1492,303,385,5,2024-11-02,这个地方喜欢，不错，喜欢。
1493,228,621,2,2025-06-13,这个地方太贵，人多。
1494,365,435,4,2024-12-27,这个地方值得，不错。
1495,216,408,4,2024-10-31,这个地方漂亮，喜欢。
1496,436,483,2,2025-01-15,这个地方人多，不推荐。
1497,184,664,4,2024-12-01,这个地方满意，喜欢，值得。
1498,15,17,3,2025-07-29,这个地方可以，可以。
1499,157,645,4,2025-02-22,这个地方很好，推荐，漂亮。
1500,136,148,2,2024-12-30,这个地方差，人多。
1501,261,277,4,2025-01-02,这个地方很好，喜欢，喜欢。
1502,157,232,3,2025-05-24,这个地方普通，还行。
1503,47,826,5,2024-10-29,这个地方很好，值得。
1504,324,927,2,2024-12-13,这个地方失望，差。
1505,332,366,4,2025-04-28,这个地方值得，满意，漂亮。
1506,173,228,4,2024-12-05,这个地方漂亮，不错。
1507,130,651,4,2025-05-20,这个地方很好，漂亮，值得。
1508,411,436,4,2025-06-05,这个地方满意，推荐，喜欢。
1509,95,399,4,2025-07-17,这个地方满意，漂亮，喜欢。
1510,115,211,5,2025-02-25,这个地方喜欢，漂亮，值得。
1511,243,391,5,2024-10-11,这个地方喜欢，值得，值得。
1512,420,499,3,2024-09-07,这个地方还行，一般般。
1513,292,540,4,2025-02-20,这个地方满意，不错。
1514,282,563,5,2025-03-30,这个地方喜欢，不错，喜欢。
1515,299,491,5,2025-02-03,这个地方推荐，喜欢，值得。
1516,283,442,5,2025-02-11,这个地方值得，漂亮。
1517,69,261,3,2025-01-10,这个地方还行，一般般。
1518,148,773,3,2025-03-05,这个地方凑合，普通。
1519,11,350,4,2025-03-08,这个地方喜欢，值得。
1520,254,352,4,2025-08-03,这个地方漂亮，值得，值得。
1521,330,520,4,2024-10-24,这个地方喜欢，很好。
1522,360,320,4,2025-05-19,这个地方很好，满意，满意。
1523,38,138,5,2024-09-26,这个地方喜欢，不错，满意。
1524,134,550,3,2025-07-05,这个地方可以，一般般。
1525,200,623,5,2025-01-18,这个地方推荐，值得，不错。
1526,23,992,4,2024-12-30,这个地方值得，很好，漂亮。
1527,303,368,3,2024-08-31,这个地方可以，可以，普通。
1528,346,220,4,2024-11-14,这个地方很好，漂亮。
1529,302,337,5,2024-11-10,这个地方喜欢，很好，很好。
1530,363,223,2,2024-12-08,这个地方差，差。
1531,396,648,3,2024-10-10,这个地方还行，还行，一般般。
1532,218,768,5,2025-01-20,这个地方喜欢，推荐。
1533,141,360,3,2024-09-29,这个地方凑合，普通。
1534,104,921,4,2025-03-29,这个地方漂亮，喜欢，值得。
1535,446,329,4,2024-11-09,这个地方值得，推荐。
1536,210,962,4,2025-07-13,这个地方值得，很好。
1537,473,463,4,2024-10-11,这个地方很好，满意。
1538,481,946,3,2025-07-29,这个地方普通，可以。
1539,111,963,4,2025-06-20,这个地方喜欢，不错。
1540,104,561,3,2025-04-26,这个地方可以，凑合。
1541,316,804,4,2025-08-11,这个地方满意，喜欢。
1542,171,382,2,2025-02-15,这个地方一般，一般。
1543,460,836,4,2025-08-03,这个地方漂亮，很好，喜欢。
1544,492,590,3,2024-09-11,这个地方一般般，一般般。
1545,356,617,3,2024-11-04,这个地方可以，可以。
1546,496,169,3,2024-11-30,这个地方凑合，可以。
1547,324,217,3,2025-05-18,这个地方一般般，一般般。
1548,133,378,5,2025-05-04,这个地方很好，漂亮。
1549,376,119,3,2025-02-11,这个地方凑合，还行。
1550,293,190,5,2024-12-09,这个地方推荐，不错。
1551,328,767,5,2024-12-04,这个地方漂亮，不错，值得。
1552,127,370,4,2025-06-01,这个地方漂亮，不错。
1553,106,778,2,2025-04-30,这个地方不推荐，排队。
1554,497,149,3,2025-03-13,这个地方可以，一般般。
1555,92,676,5,2025-05-26,这个地方满意，值得。
1556,287,652,3,2025-05-31,这个地方普通，普通，普通。
1557,378,859,2,2024-12-01,这个地方失望，不推荐。
1558,393,488,4,2025-04-11,这个地方推荐，喜欢。
1559,51,770,5,2024-11-07,这个地方推荐，值得，值得。
1560,29,374,5,2025-05-20,这个地方值得，很好，很好。
1561,462,781,3,2025-01-24,这个地方可以，一般般。
1562,296,693,4,2025-07-31,这个地方喜欢，很好，漂亮。
1563,297,160,3,2025-03-18,这个地方凑合，一般般，普通。
1564,214,351,3,2024-12-05,这个地方普通，可以，凑合。
1565,267,912,5,2025-02-09,这个地方满意，不错，不错。
1566,407,288,3,2024-09-21,这个地方一般般，凑合。
1567,257,288,3,2025-07-15,这个地方凑合，可以，可以。
1568,302,892,1,2024-11-18,这个地方失望，不推荐。
1569,101,226,5,2025-08-11,这个地方满意，推荐。
1570,405,523,5,2024-09-20,这个地方值得，漂亮。
1571,346,522,4,2024-10-12,这个地方满意，不错。
1572,110,783,5,2024-09-17,这个地方满意，值得。
1573,420,273,3,2025-02-28,这个地方可以，普通。
1574,182,936,4,2025-02-16,这个地方不错，不错，喜欢。
1575,471,402,3,2025-02-19,这个地方可以，普通，可以。
1576,313,183,2,2025-03-26,这个地方太贵，一般。
1577,1,969,4,2024-08-19,这个地方推荐，值得，喜欢。
1578,319,665,5,2024-12-11,这个地方值得，值得，推荐。
1579,438,488,1,2025-04-11,这个地方差，一般。
1580,55,827,3,2024-11-26,这个地方可以，凑合，普通。
1581,371,846,3,2025-07-07,这个地方一般般，可以，还行。
1582,424,124,3,2024-08-26,这个地方可以，还行，凑合。
1583,399,985,5,2024-12-04,这个地方推荐，漂亮，不错。
1584,149,626,4,2025-03-26,这个地方很好，不错，推荐。
1585,431,790,4,2024-12-19,这个地方漂亮，漂亮。
1586,457,414,5,2024-12-31,这个地方推荐，很好，漂亮。
1587,309,980,3,2024-09-09,这个地方可以，还行。
1588,137,725,4,2025-01-30,这个地方满意，漂亮。
1589,202,172,4,2025-06-12,这个地方值得，推荐。
1590,436,288,4,2025-08-05,这个地方喜欢，满意，满意。
1591,313,435,5,2025-04-30,这个地方值得，不错。
1592,117,686,5,2025-07-21,这个地方漂亮，不错，不错。
1593,154,113,3,2025-03-18,这个地方一般般，普通，可以。
1594,425,888,5,2025-01-07,这个地方喜欢，很好。
1595,291,917,3,2024-09-09,这个地方一般般，凑合，一般般。
1596,63,995,1,2024-12-22,这个地方一般，太贵，一般。
1597,244,122,3,2024-12-22,这个地方一般般，可以，凑合。
1598,25,544,3,2025-01-09,这个地方凑合，凑合。
1599,90,222,4,2025-03-18,这个地方推荐，很好，很好。
1600,75,631,4,2025-04-15,这个地方不错，漂亮，推荐。
1601,294,39,5,2025-03-25,这个地方推荐，不错。
1602,386,497,4,2025-02-08,这个地方漂亮，很好，喜欢。
1603,391,780,4,2024-12-04,这个地方漂亮，不错，很好。
1604,210,233,2,2025-06-09,这个地方人多，人多。
1605,475,943,1,2025-05-04,这个地方太贵，不推荐。
1606,418,530,4,2024-09-14,这个地方满意，满意。
1607,347,149,4,2025-03-10,这个地方不错，值得。
1608,17,397,5,2024-10-11,这个地方漂亮，很好。
1609,128,661,3,2024-08-19,这个地方凑合，普通，一般般。
1610,427,638,1,2024-10-20,这个地方一般，差。
1611,443,904,4,2025-05-18,这个地方不错，漂亮。
1612,364,302,3,2024-08-24,这个地方还行，凑合。
1613,251,360,1,2024-12-03,这个地方排队，失望。
1614,179,238,4,2024-08-28,这个地方漂亮，满意。
1615,182,647,2,2025-01-08,这个地方差，一般，排队。
1616,152,663,4,2025-08-07,这个地方喜欢，喜欢，满意。
1617,25,236,3,2025-08-04,这个地方凑合，还行。
1618,455,736,3,2024-09-25,这个地方可以，普通，一般般。
1619,180,203,3,2024-12-15,这个地方一般般，一般般。
1620,198,256,5,2025-02-15,这个地方满意，很好。
1621,344,598,3,2024-11-05,这个地方一般般，普通。
1622,161,662,5,2024-10-08,这个地方满意，漂亮，喜欢。
1623,177,235,2,2025-05-09,这个地方人多，失望，人多。
1624,285,345,5,2025-01-31,这个地方满意，满意。
1625,63,534,3,2025-01-02,这个地方可以，凑合，凑合。
1626,491,860,4,2024-09-17,这个地方值得，值得，值得。
1627,150,797,4,2025-05-05,这个地方喜欢，喜欢。
1628,154,781,5,2025-05-02,这个地方不错，推荐。
1629,156,466,3,2024-08-16,这个地方一般般，普通。
1630,370,770,2,2025-06-19,这个地方失望，人多，一般。
1631,469,541,1,2025-05-30,这个地方排队，失望，太贵。
1632,49,213,5,2025-06-02,这个地方不错，漂亮，喜欢。
1633,455,463,4,2025-07-05,这个地方很好，不错，值得。
1634,337,436,5,2024-09-26,这个地方推荐，漂亮。
1635,84,283,3,2025-02-16,这个地方凑合，可以，凑合。
1636,361,562,3,2025-07-14,这个地方一般般，还行，可以。
1637,177,607,1,2025-06-06,这个地方人多，差，差。
1638,148,463,5,2025-06-21,这个地方满意，满意。
1639,118,407,4,2025-05-03,这个地方很好，很好，漂亮。
1640,342,88,5,2025-01-28,这个地方值得，喜欢，漂亮。
1641,476,44,3,2025-05-07,这个地方普通，一般般。
1642,63,461,4,2024-12-03,这个地方满意，满意，喜欢。
1643,189,278,4,2024-10-13,这个地方满意，不错，推荐。
1644,360,683,3,2025-06-03,这个地方一般般，一般般，还行。
1645,49,421,5,2025-02-26,这个地方推荐，漂亮。
1646,327,701,5,2025-03-26,这个地方推荐，满意，满意。
1647,257,353,5,2025-03-03,这个地方喜欢，值得，喜欢。
1648,224,696,4,2024-11-28,这个地方喜欢，值得，值得。
1649,141,515,3,2025-01-07,这个地方一般般，还行，还行。
1650,478,703,3,2025-05-25,这个地方一般般，可以，凑合。
1651,215,630,5,2025-02-15,这个地方值得，很好，不错。
1652,435,19,1,2024-10-13,这个地方太贵，失望，人多。
1653,379,23,4,2025-08-06,这个地方不错，不错。
1654,440,413,4,2025-08-12,这个地方很好，值得，不错。
1655,211,30,4,2024-08-30,这个地方很好，满意。
1656,318,807,5,2024-09-14,这个地方喜欢，很好。
1657,32,108,3,2024-10-28,这个地方凑合，一般般。
1658,158,367,3,2024-11-08,这个地方凑合，还行。
1659,285,281,2,2025-01-13,这个地方差，不推荐，失望。
1660,305,128,4,2025-05-10,这个地方满意，满意，漂亮。
1661,429,229,3,2025-05-07,这个地方普通，一般般，普通。
1662,477,111,3,2025-08-07,这个地方一般般，一般般，可以。
1663,286,136,5,2025-06-16,这个地方喜欢，值得。
1664,144,362,5,2024-10-11,这个地方喜欢，不错，值得。
1665,424,186,3,2025-03-23,这个地方普通，可以。
1666,19,656,3,2025-06-14,这个地方普通，普通。
1667,18,584,5,2025-04-17,这个地方不错，喜欢。
1668,257,129,2,2025-01-02,这个地方差，人多。
1669,78,876,2,2025-05-03,这个地方一般，人多，失望。
1670,371,261,3,2024-11-29,这个地方还行，还行。
1671,175,515,4,2024-09-01,这个地方喜欢，漂亮，不错。
1672,498,449,3,2024-12-04,这个地方凑合，还行，凑合。
1673,194,900,5,2025-01-21,这个地方漂亮，满意，不错。
1674,476,104,4,2025-07-19,这个地方喜欢，漂亮。
1675,113,483,4,2025-02-27,这个地方漂亮，很好。
1676,114,224,3,2024-09-14,这个地方还行，还行。
1677,222,832,4,2025-06-01,这个地方值得，喜欢。
1678,166,874,4,2025-04-22,这个地方很好，不错，值得。
1679,435,866,5,2025-06-08,这个地方推荐，漂亮，漂亮。
1680,319,491,5,2024-08-27,这个地方推荐，推荐，满意。
1681,132,473,4,2024-12-25,这个地方值得，漂亮，很好。
1682,385,10,5,2025-08-15,这个地方不错，不错，不错。
1683,264,405,5,2025-03-02,这个地方满意，满意。
1684,413,896,5,2024-08-29,这个地方满意，喜欢，很好。
1685,55,302,2,2025-01-10,这个地方人多，太贵。
1686,359,231,1,2024-11-16,这个地方人多，不推荐。
1687,131,731,3,2024-12-08,这个地方还行，普通，一般般。
1688,288,923,4,2024-09-03,这个地方很好，满意。
1689,266,66,4,2024-09-06,这个地方很好，不错。
1690,458,937,4,2025-02-23,这个地方满意，满意。
1691,467,112,5,2025-02-27,这个地方喜欢，满意。
1692,366,13,5,2024-12-13,这个地方推荐，漂亮，值得。
1693,162,393,5,2025-05-18,这个地方喜欢，不错，满意。
1694,380,500,3,2025-06-28,这个地方可以，凑合。
1695,481,932,4,2024-10-26,这个地方值得，很好，不错。
1696,87,598,3,2025-03-19,这个地方凑合，凑合，还行。
1697,55,234,3,2025-04-06,这个地方一般般，普通。
1698,476,602,3,2025-06-18,这个地方一般般，一般般，凑合。
1699,288,314,3,2024-09-26,这个地方凑合，还行，一般般。
1700,178,566,4,2025-01-29,这个地方不错，喜欢。
1701,391,12,5,2025-01-13,这个地方值得，值得，漂亮。
1702,349,209,2,2025-06-28,这个地方失望，排队，人多。
1703,8,974,4,2024-12-27,这个地方不错，不错，喜欢。
1704,321,14,4,2024-12-12,这个地方漂亮，喜欢，喜欢。
1705,313,633,3,2024-12-20,这个地方还行，普通。
1706,247,418,4,2025-03-01,这个地方值得，很好，很好。
1707,323,437,3,2025-06-29,这个地方还行，一般般。
1708,472,377,4,2025-06-26,这个地方喜欢，满意。
1709,471,20,4,2024-10-21,这个地方推荐，喜欢，很好。
1710,443,587,3,2025-05-10,这个地方一般般，还行，一般般。
1711,255,912,2,2025-01-12,这个地方一般，一般，太贵。
1712,328,755,4,2025-02-20,这个地方漂亮，满意，值得。
1713,54,735,5,2025-05-28,这个地方漂亮，值得。
1714,249,70,3,2025-02-12,这个地方还行，还行。
1715,239,824,4,2025-07-20,这个地方不错，推荐，喜欢。
1716,229,211,4,2025-02-02,这个地方漂亮，漂亮，喜欢。
1717,67,101,5,2025-01-14,这个地方推荐，漂亮，不错。
1718,51,698,5,2024-09-08,这个地方很好，推荐。
1719,97,132,4,2025-04-24,这个地方值得，推荐。
1720,92,623,4,2024-12-17,这个地方值得，漂亮，喜欢。
1721,495,381,5,2025-04-14,这个地方喜欢，漂亮，值得。
1722,264,132,3,2024-10-15,这个地方一般般，还行。
1723,418,20,3,2025-06-01,这个地方一般般，凑合，可以。
1724,291,906,1,2024-10-09,这个地方人多，失望，差。
1725,96,536,5,2024-10-08,这个地方值得，很好，很好。
1726,88,227,5,2025-02-01,这个地方不错，满意。
1727,78,154,2,2024-08-30,这个地方一般，一般。
1728,288,805,4,2025-07-03,这个地方很好，推荐，值得。
1729,120,742,4,2025-02-11,这个地方很好，满意。
1730,302,469,2,2024-09-07,这个地方排队，一般，一般。
1731,491,822,5,2024-12-13,这个地方很好，很好。
1732,400,871,3,2025-05-24,这个地方普通，普通。
1733,452,405,2,2025-01-21,这个地方一般，排队，排队。
1734,500,202,4,2025-03-18,这个地方喜欢，不错。
1735,165,38,4,2025-03-13,这个地方推荐，推荐。
1736,182,942,1,2025-07-31,这个地方差，太贵，太贵。
1737,469,772,4,2025-03-04,这个地方不错，推荐。
1738,398,188,4,2025-03-24,这个地方不错，漂亮。
1739,223,57,2,2025-07-10,这个地方排队，排队，差。
1740,311,941,3,2024-09-17,这个地方一般般，可以，凑合。
1741,432,20,4,2025-07-02,这个地方不错，满意，推荐。
1742,466,273,3,2025-01-22,这个地方一般般，凑合。
1743,7,119,5,2025-06-15,这个地方值得，不错，满意。
1744,330,583,5,2024-08-25,这个地方满意，值得。
1745,263,516,5,2024-10-12,这个地方不错，很好，满意。
1746,161,221,3,2025-07-28,这个地方一般般，可以，可以。
1747,151,526,5,2024-08-16,这个地方漂亮，很好，推荐。
1748,85,515,4,2024-10-20,这个地方不错，值得，满意。
1749,147,728,3,2025-08-09,这个地方凑合，可以，可以。
1750,112,741,2,2024-12-10,这个地方失望，差，不推荐。
1751,381,336,2,2025-04-21,这个地方排队，排队，差。
1752,403,698,4,2025-06-09,这个地方很好，值得。
1753,36,55,4,2025-07-13,这个地方满意，喜欢，满意。
1754,285,500,3,2025-02-03,这个地方普通，一般般，凑合。
1755,188,900,4,2024-09-25,这个地方喜欢，满意，不错。
1756,82,888,3,2025-06-22,这个地方一般般，凑合，普通。
1757,2,766,4,2024-11-23,这个地方喜欢，不错。
1758,385,536,3,2025-07-05,这个地方普通，一般般。
1759,303,162,5,2024-10-23,这个地方推荐，满意。
1760,197,670,5,2024-12-28,这个地方喜欢，不错。
1761,404,594,4,2025-08-06,这个地方漂亮，喜欢，喜欢。
1762,11,915,3,2024-08-23,这个地方还行，还行。
1763,234,159,3,2025-04-10,这个地方一般般，可以。
1764,386,188,5,2025-02-18,这个地方很好，喜欢。
1765,195,60,3,2025-02-04,这个地方一般般，一般般，还行。
1766,471,915,3,2025-05-16,这个地方一般般，凑合。
1767,119,817,2,2024-12-28,这个地方不推荐，人多，太贵。
1768,396,319,4,2025-05-30,这个地方值得，满意，不错。
1769,20,878,4,2025-05-23,这个地方喜欢，值得，很好。
1770,261,211,5,2025-07-17,这个地方漂亮，很好，推荐。
1771,293,406,3,2025-01-15,这个地方凑合，可以，凑合。
1772,422,664,3,2025-06-28,这个地方普通，可以。
1773,256,109,5,2024-11-24,这个地方满意，不错。
1774,222,76,5,2025-03-24,这个地方很好，值得，很好。
1775,393,542,3,2025-06-08,这个地方一般般，还行，一般般。
1776,226,314,4,2025-06-19,这个地方喜欢，不错，值得。
1777,53,998,3,2025-02-12,这个地方普通，还行，普通。
1778,428,117,5,2025-06-15,这个地方满意，漂亮，推荐。
1779,355,927,2,2024-10-12,这个地方差，太贵。
1780,500,868,5,2024-10-24,这个地方不错，值得。
1781,342,704,4,2025-03-03,这个地方满意，很好，喜欢。
1782,364,19,4,2025-02-26,这个地方很好，满意。
1783,280,432,1,2025-06-14,这个地方不推荐，失望。
1784,81,685,4,2025-03-22,这个地方推荐，不错，喜欢。
1785,202,740,4,2024-10-14,这个地方很好，很好，漂亮。
1786,158,350,3,2025-03-08,这个地方凑合，凑合。
1787,120,183,4,2025-03-28,这个地方满意，漂亮，很好。
1788,59,113,5,2024-09-16,这个地方不错，喜欢。
1789,494,183,4,2025-05-11,这个地方值得，推荐，不错。
1790,215,481,4,2025-01-07,这个地方漂亮，不错，不错。
1791,128,146,2,2025-07-04,这个地方人多，失望，失望。
1792,224,831,4,2024-10-28,这个地方满意，推荐。
1793,209,628,2,2025-04-30,这个地方差，排队，一般。
1794,370,113,4,2024-11-23,这个地方值得，不错。
1795,115,763,5,2025-05-13,这个地方喜欢，很好，不错。
1796,209,476,4,2024-11-27,这个地方不错，不错，漂亮。
1797,14,763,2,2024-10-07,这个地方太贵，人多。
1798,9,303,3,2025-06-06,这个地方普通，一般般，可以。
1799,40,971,4,2025-01-09,这个地方值得，很好。
1800,450,825,4,2025-07-26,这个地方漂亮，值得。
1801,237,118,5,2025-05-16,这个地方很好，满意，不错。
1802,281,813,5,2025-04-11,这个地方推荐，满意，很好。
1803,359,161,4,2025-05-28,这个地方推荐，值得，不错。
1804,201,401,3,2024-10-08,这个地方普通，普通。
1805,246,198,3,2024-12-21,这个地方还行，一般般，一般般。
1806,278,260,2,2025-02-15,这个地方差，排队，人多。
1807,235,660,3,2025-07-22,这个地方凑合，普通，还行。
1808,494,752,4,2025-03-13,这个地方漂亮，推荐。
1809,4,47,4,2025-08-11,这个地方不错，喜欢。
1810,154,987,4,2025-04-18,这个地方值得，推荐。
1811,442,399,2,2024-11-12,这个地方一般，差。
1812,29,710,3,2025-07-29,这个地方可以，还行。
1813,109,559,3,2025-01-30,这个地方可以，还行，普通。
1814,98,78,3,2025-06-20,这个地方一般般，还行。
1815,215,124,5,2025-05-15,这个地方很好，很好。
1816,293,75,1,2025-07-28,这个地方差，太贵，太贵。
1817,75,871,4,2024-08-28,这个地方漂亮，不错。
1818,326,137,3,2025-02-04,这个地方还行，普通，凑合。
1819,146,602,5,2024-12-22,这个地方漂亮，推荐，满意。
1820,128,400,4,2024-11-12,这个地方不错，喜欢。
1821,341,837,3,2025-01-01,这个地方凑合，普通。
1822,42,505,4,2024-12-26,这个地方值得，满意。
1823,356,500,4,2025-07-07,这个地方推荐，满意，满意。
1824,41,573,5,2024-09-27,这个地方推荐，漂亮。
1825,422,138,3,2025-03-16,这个地方一般般，可以，还行。
1826,34,50,5,2025-04-11,这个地方值得，推荐。
1827,17,771,5,2024-12-22,这个地方推荐，满意。
1828,165,973,5,2025-06-22,这个地方推荐，推荐，满意。
1829,153,619,4,2025-02-25,这个地方满意，值得，漂亮。
1830,486,625,4,2025-04-29,这个地方不错，推荐，漂亮。
1831,378,862,4,2024-08-27,这个地方值得，漂亮。
1832,76,254,5,2025-02-13,这个地方推荐，推荐，推荐。
1833,87,630,4,2025-01-30,这个地方推荐，满意，漂亮。
1834,117,710,4,2025-05-21,这个地方很好，很好。
1835,362,849,4,2025-01-27,这个地方推荐，推荐，漂亮。
1836,342,877,4,2024-09-13,这个地方喜欢，推荐，不错。
1837,469,563,5,2024-09-28,这个地方推荐，满意，漂亮。
1838,27,757,2,2024-11-14,这个地方太贵，不推荐。
1839,313,915,5,2025-01-17,这个地方漂亮，不错。
1840,287,426,4,2025-04-20,这个地方满意，推荐。
1841,134,547,5,2025-02-06,这个地方满意，漂亮。
1842,219,302,4,2025-07-05,这个地方满意，不错。
1843,168,922,3,2025-07-05,这个地方凑合，一般般。
1844,98,581,5,2024-10-05,这个地方值得，值得，满意。
1845,268,349,3,2024-11-13,这个地方普通，凑合。
1846,237,832,5,2024-09-21,这个地方喜欢，喜欢，喜欢。
1847,309,933,4,2025-07-30,这个地方值得，喜欢，满意。
1848,455,980,4,2024-11-06,这个地方不错，漂亮。
1849,394,49,3,2024-12-01,这个地方普通，普通，还行。
1850,173,917,4,2025-06-14,这个地方满意，漂亮，喜欢。
1851,401,74,3,2025-06-15,这个地方普通，普通。
1852,410,704,1,2025-05-08,这个地方差，一般，不推荐。
1853,469,261,3,2025-07-28,这个地方一般般，一般般。
1854,476,356,1,2025-07-30,这个地方失望，排队，失望。
1855,190,582,5,2024-09-25,这个地方值得，喜欢，喜欢。
1856,122,602,5,2024-12-13,这个地方喜欢，满意，值得。
1857,46,260,3,2024-12-08,这个地方还行，凑合，凑合。
1858,64,638,4,2025-05-27,这个地方很好，喜欢，漂亮。
1859,130,743,3,2025-07-08,这个地方一般般，凑合，一般般。
1860,310,295,4,2025-07-11,这个地方满意，很好，不错。
1861,363,931,5,2025-01-31,这个地方漂亮，值得。
1862,193,641,5,2025-03-11,这个地方漂亮，漂亮，不错。
1863,307,792,4,2025-01-24,这个地方漂亮，不错。
1864,181,313,5,2025-02-01,这个地方值得，满意。
1865,292,612,3,2025-01-12,这个地方可以，还行。
1866,371,838,5,2024-11-04,这个地方喜欢，满意。
1867,282,809,1,2025-02-01,这个地方人多，人多。
1868,29,182,4,2024-10-13,这个地方满意，推荐，漂亮。
1869,149,686,4,2025-03-17,这个地方很好，漂亮，很好。
1870,267,828,4,2025-08-02,这个地方值得，推荐。
1871,296,364,2,2024-09-25,这个地方人多，排队。
1872,11,188,5,2025-03-23,这个地方不错，不错，漂亮。
1873,164,569,3,2025-06-20,这个地方还行，普通，凑合。
1874,113,543,4,2025-01-17,这个地方值得，满意，推荐。
1875,187,596,3,2024-11-21,这个地方还行，可以。
1876,295,664,3,2025-01-18,这个地方一般般，普通，还行。
1877,232,985,4,2025-07-30,这个地方推荐，值得，推荐。
1878,227,548,4,2024-11-03,这个地方不错，推荐，满意。
1879,310,725,3,2024-09-06,这个地方可以，一般般，可以。
1880,98,926,3,2025-01-25,这个地方普通，还行。
1881,55,408,4,2025-05-09,这个地方满意，推荐，喜欢。
1882,111,876,5,2024-11-10,这个地方满意，满意，喜欢。
1883,152,618,5,2025-01-19,这个地方喜欢，很好。
1884,246,414,2,2025-04-09,这个地方不推荐，人多。
1885,406,342,3,2024-09-15,这个地方还行，一般般，一般般。
1886,69,220,2,2024-11-01,这个地方太贵，人多。
1887,312,903,1,2024-12-07,这个地方失望，排队，排队。
1888,289,163,4,2024-11-24,这个地方漂亮，值得。
1889,250,951,4,2024-11-18,这个地方很好，很好。
1890,36,220,3,2025-02-09,这个地方普通，可以，普通。
1891,239,270,3,2025-01-14,这个地方凑合，还行。
1892,148,632,1,2024-11-06,这个地方人多，排队。
1893,467,906,5,2025-01-17,这个地方推荐，推荐，不错。
1894,227,848,5,2024-08-16,这个地方喜欢，喜欢，很好。
1895,244,400,2,2025-06-01,这个地方太贵，人多，失望。
1896,491,182,3,2025-03-21,这个地方凑合，普通。
1897,337,991,5,2024-09-29,这个地方满意，不错，很好。
1898,446,618,5,2025-01-15,这个地方推荐，喜欢，推荐。
1899,365,729,4,2025-04-29,这个地方满意，值得。
1900,491,205,2,2025-04-09,这个地方太贵，太贵，不推荐。
1901,482,582,1,2025-08-06,这个地方差，失望，排队。
1902,201,556,4,2025-06-30,这个地方不错，漂亮。
1903,154,841,3,2024-10-05,这个地方可以，一般般，凑合。
1904,450,813,1,2025-05-12,这个地方差，失望，太贵。
1905,73,228,4,2025-05-05,这个地方推荐，满意。
1906,201,696,1,2024-09-08,这个地方失望，人多。
1907,296,619,5,2025-03-23,这个地方喜欢，很好，推荐。
1908,17,596,3,2025-07-20,这个地方还行，还行。
1909,129,850,1,2025-01-08,这个地方失望，差。
1910,217,250,4,2025-07-29,这个地方喜欢，推荐，值得。
1911,61,875,3,2025-03-02,这个地方可以，一般般，一般般。
1912,427,441,5,2025-05-26,这个地方值得，喜欢，喜欢。
1913,104,533,4,2025-06-05,这个地方推荐，满意。
1914,42,196,3,2024-10-10,这个地方还行，普通。
1915,25,690,4,2024-12-05,这个地方很好，漂亮，喜欢。
1916,39,929,3,2025-03-07,这个地方普通，可以，普通。
1917,291,987,5,2024-09-23,这个地方推荐，漂亮。
1918,131,519,3,2025-07-09,这个地方还行，可以。
1919,498,70,4,2025-01-27,这个地方满意，满意。
1920,229,639,2,2025-01-28,这个地方一般，人多，太贵。
1921,108,399,4,2024-12-04,这个地方喜欢，满意。
1922,172,978,5,2025-02-18,这个地方很好，满意，很好。
1923,435,672,5,2025-07-12,这个地方很好，很好，不错。
1924,478,760,3,2025-05-26,这个地方一般般，一般般。
1925,102,203,3,2025-01-08,这个地方普通，可以。
1926,354,148,5,2025-03-11,这个地方满意，满意，满意。
1927,12,472,5,2025-08-12,这个地方喜欢，值得。
1928,275,655,2,2025-03-02,这个地方差，失望，差。
1929,101,944,4,2025-01-24,这个地方很好，值得，满意。
1930,44,199,3,2025-02-03,这个地方一般般，凑合。
1931,443,917,5,2024-12-24,这个地方值得，漂亮。
1932,305,426,2,2025-01-22,这个地方失望，太贵，失望。
1933,445,666,3,2025-03-19,这个地方可以，凑合。
1934,17,492,5,2025-03-10,这个地方推荐，很好。
1935,330,888,2,2024-11-10,这个地方不推荐，排队。
1936,57,896,4,2024-10-16,这个地方值得，满意。
1937,311,142,4,2025-03-03,这个地方漂亮，漂亮。
1938,497,313,3,2024-10-09,这个地方可以，凑合，一般般。
1939,303,165,3,2025-06-09,这个地方凑合，还行。
1940,12,314,4,2025-05-20,这个地方不错，不错，值得。
1941,318,21,3,2025-01-11,这个地方凑合，还行，凑合。
1942,80,82,4,2025-08-15,这个地方满意，满意，推荐。
1943,216,581,5,2025-04-03,这个地方漂亮，值得，漂亮。
1944,339,131,5,2025-02-12,这个地方很好，喜欢，值得。
1945,264,599,3,2024-08-30,这个地方还行，还行。
1946,479,730,2,2025-03-29,这个地方失望，失望。
1947,149,933,3,2025-05-02,这个地方一般般，凑合，还行。
1948,81,984,3,2025-04-05,这个地方凑合，可以，凑合。
1949,215,305,4,2025-04-30,这个地方很好，满意。
1950,485,915,4,2025-02-19,这个地方值得，漂亮。
1951,374,371,2,2024-10-22,这个地方人多，人多。
1952,464,857,1,2024-08-23,这个地方排队，人多。
1953,198,853,3,2024-08-22,这个地方还行，凑合，普通。
1954,200,384,4,2025-03-23,这个地方值得，喜欢，推荐。
1955,25,908,3,2025-06-03,这个地方还行，可以。
1956,466,445,4,2025-04-30,这个地方不错，喜欢。
1957,89,425,3,2025-04-16,这个地方凑合，可以。
1958,268,161,5,2025-07-30,这个地方值得，推荐。
1959,143,178,5,2025-02-01,这个地方喜欢，喜欢，很好。
1960,59,629,3,2024-09-23,这个地方凑合，一般般，凑合。
1961,410,708,3,2024-10-02,这个地方凑合，一般般。
1962,489,895,4,2024-10-23,这个地方满意，漂亮。
1963,365,490,3,2024-12-07,这个地方一般般，还行。
1964,26,327,4,2025-04-19,这个地方满意，不错。
1965,47,598,5,2025-03-07,这个地方喜欢，满意。
1966,288,289,4,2025-01-30,这个地方值得，推荐。
1967,266,593,5,2025-07-02,这个地方满意，满意，漂亮。
1968,16,664,3,2024-10-06,这个地方一般般，可以。
1969,199,573,3,2025-02-18,这个地方普通，一般般。
1970,401,573,4,2025-07-03,这个地方喜欢，推荐，值得。
1971,407,354,3,2024-11-18,这个地方可以，还行，还行。
1972,282,28,4,2025-05-30,这个地方推荐，漂亮。
1973,469,954,3,2024-09-24,这个地方一般般，可以，还行。
1974,86,43,2,2025-02-19,这个地方排队，太贵，失望。
1975,250,681,5,2024-08-24,这个地方漂亮，喜欢。
1976,391,423,3,2025-08-13,这个地方普通，一般般。
1977,270,598,5,2025-01-14,这个地方漂亮，值得，漂亮。
1978,335,177,5,2024-09-08,这个地方漂亮，不错，值得。
1979,117,529,5,2025-06-03,这个地方很好，不错。
1980,7,610,4,2025-06-26,这个地方不错，满意。
1981,137,966,4,2025-06-10,这个地方值得，值得，推荐。
1982,371,494,5,2024-09-18,这个地方很好，推荐。
1983,176,198,3,2025-05-15,这个地方还行，还行。
1984,328,610,4,2025-02-21,这个地方推荐，值得。
1985,498,577,4,2025-03-24,这个地方漂亮，喜欢。
1986,315,842,4,2025-08-09,这个地方漂亮，漂亮。
1987,215,853,4,2024-11-20,这个地方不错，漂亮，喜欢。
1988,477,517,3,2024-09-28,这个地方可以，可以。
1989,82,514,4,2025-08-12,这个地方推荐，喜欢，很好。
1990,223,22,5,2025-03-31,这个地方推荐，不错。
1991,478,112,3,2024-12-28,这个地方可以，一般般，一般般。
1992,372,57,5,2025-05-20,这个地方不错，漂亮。
1993,423,66,4,2025-07-30,这个地方不错，值得，不错。
1994,483,842,5,2025-06-25,这个地方不错，喜欢。
1995,402,98,4,2025-04-04,这个地方很好，喜欢，漂亮。
1996,443,144,5,2025-01-17,这个地方满意，满意。
1997,490,880,1,2024-09-25,这个地方太贵，失望。
1998,103,435,5,2025-01-09,这个地方不错，不错。
1999,273,637,1,2025-01-23,这个地方一般，不推荐，差。
2000,14,679,5,2025-01-17,这个地方很好，推荐，喜欢。
